name,code,protcnt,fibtg,choavldf,enerc,water,fasat,fams,fapu,f18d1cn9,f18d2cn6,f18d3n3,cholc,fsugar,frus,glus,sucs,starch,lactose
"Amaranth seed, black",A001,14.59,7.02,59.98,1490.0,9.89,1280.0,1033.0,2279.0,1020.0,2259.0,20.91,0.0,0.88,0.1,0.22,0.46,55.83,0.0
"Amaranth seed, pale brown",A002,13.27,7.47,61.46,1489.0,9.2,1140.0,1043.0,2266.0,1030.0,2223.0,43.03,0.0,0.8,0.1,0.22,0.48,59.33,0.0
Bajra,A003,10.96,11.49,61.78,1456.0,8.97,875.0,1047.0,1984.0,1040.0,1844.0,140.0,0.0,0.81,0.21,0.6,0.0,55.21,0.0
Barley,A004,10.94,15.64,61.29,1321.0,9.77,232.0,90.79,575.0,90.79,549.0,26.32,0.0,0.06,0.0,0.06,0.0,72.67,0.0
Jowar,A005,9.97,10.22,67.68,1398.0,9.01,163.0,314.0,524.0,314.0,508.0,16.54,0.0,1.27,0.57,0.1,0.6,59.7,0.0
"Maize, dry",A006,8.8,12.24,64.77,1398.0,9.26,413.0,706.0,1606.0,700.0,1565.0,40.76,0.0,1.66,0.16,0.8,0.7,59.35,0.0
"Maize, tender, local",A007,3.57,3.67,22.69,502.0,68.29,109.0,147.0,347.0,145.0,337.0,10.46,0.0,1.47,0.27,0.8,0.4,15.88,0.0
"Maize, tender, sweet",A008,4.16,3.3,16.42,405.0,74.4,123.0,176.0,300.0,174.0,292.0,7.65,0.0,4.67,0.91,0.97,2.79,7.45,0.0
Quinoa,A009,13.11,14.66,53.65,1374.0,10.43,570.0,1424.0,2406.0,1323.0,2203.0,204.0,0.0,1.41,0.0,1.41,0.0,48.41,0.0
Ragi,A010,7.16,11.18,66.82,1342.0,10.89,317.0,585.0,431.0,585.0,362.0,68.58,0.0,0.34,0.0,0.25,0.12,62.13,0.0
Rice flakes,A011,7.44,3.46,76.75,1480.0,10.36,284.0,425.0,577.0,425.0,553.0,24.37,0.0,0.34,0.0,0.2,0.14,68.06,0.0
Rice puffed,A012,7.47,2.56,77.68,1514.0,9.4,46.84,39.77,44.8,39.77,43.42,1.39,0.0,0.64,0.0,0.49,0.15,69.25,0.0
"Rice, raw, brown",A013,9.16,4.43,74.8,1480.0,9.33,346.0,203.0,506.0,197.0,490.0,16.1,0.0,0.69,0.0,0.55,0.14,71.31,0.0
"Rice, parboiled, milled",A014,7.81,3.74,77.16,1471.0,10.09,150.0,86.66,216.0,84.09,209.0,7.18,0.0,0.67,0.0,0.51,0.16,76.14,0.0
"Rice, raw, milled",A015,7.94,2.81,78.24,1491.0,9.93,184.0,117.0,253.0,109.0,234.0,9.51,0.0,0.69,0.0,0.54,0.15,75.7,0.0
Samai,A016,10.13,7.72,65.55,1449.0,11.36,589.0,868.0,1277.0,868.0,1230.0,47.2,0.0,0.37,0.0,0.24,0.13,56.07,0.0
Varagu,A017,8.92,6.39,66.19,1388.0,14.23,246.0,297.0,597.0,291.0,576.0,21.02,0.0,1.29,0.0,0.89,0.4,64.96,0.0
"Wheat flour, refined",A018,10.36,2.76,74.27,1472.0,11.34,98.55,50.64,343.0,50.64,325.0,17.45,0.0,1.79,0.64,0.75,0.4,70.03,0.0
"Wheat flour, atta",A019,10.57,11.36,64.17,1340.0,11.1,206.0,149.0,742.0,149.0,697.0,44.93,0.0,1.8,0.72,0.78,0.3,56.82,0.0
"Wheat, whole",A020,10.59,11.23,64.72,1347.0,10.58,191.0,141.0,654.0,141.0,616.0,38.51,0.0,1.77,0.74,0.73,0.3,57.53,0.0
"Wheat, bulgur",A021,10.84,8.81,69.06,1430.0,8.61,196.0,152.0,700.0,152.0,657.0,42.69,0.0,1.2,0.32,0.55,0.33,60.54,0.0
"Wheat, semolina",A022,11.38,9.72,68.43,1396.0,8.94,88.87,67.34,325.0,67.34,306.0,19.21,0.0,1.65,0.6,0.55,0.5,58.2,0.0
"Wheat, vermicelli",A023,9.7,9.28,70.39,1392.0,9.59,64.59,36.06,220.0,36.06,209.0,11.26,0.0,1.68,0.6,0.58,0.5,55.31,0.0
"Wheat, vermicelli, roasted",A024,10.37,9.55,71.42,1423.0,7.61,49.95,28.84,170.0,28.84,162.0,8.55,0.0,2.14,0.63,1.01,0.5,54.55,0.0
"Bengal gram, dal",B001,21.55,15.15,46.72,1377.0,9.18,469.0,876.0,2476.0,855.0,2360.0,116.0,0.0,1.03,0.1,0.1,0.63,40.49,0.0
"Bengal gram, whole",B002,18.77,25.22,39.56,1201.0,8.56,453.0,890.0,2337.0,871.0,2220.0,117.0,0.0,0.99,0.1,0.1,0.69,35.69,0.0
"Black gram, dal",B003,23.06,11.93,51.0,1356.0,9.16,276.0,186.0,742.0,186.0,176.0,566.0,0.0,0.84,0.2,0.2,0.44,47.89,0.0
"Black gram, whole",B004,21.97,20.41,43.99,1219.0,8.7,258.0,161.0,718.0,161.0,117.0,601.0,0.0,0.45,0.1,0.1,0.3,42.19,0.0
"Cowpea, brown",B005,20.36,11.54,54.62,1340.0,9.42,283.0,60.58,550.0,57.69,343.0,207.0,0.0,1.6,0.3,0.61,0.68,45.49,0.0
"Cowpea, white",B006,21.25,11.7,53.77,1340.0,9.32,285.0,70.12,557.0,67.63,354.0,203.0,0.0,1.18,0.13,0.39,0.67,46.33,0.0
"Field bean, black",B007,19.93,23.4,43.46,1155.0,9.57,188.0,80.07,468.0,80.07,398.0,69.82,0.0,1.15,0.2,0.53,0.42,40.07,0.0
"Field bean, brown",B008,19.9,22.4,45.24,1184.0,8.74,198.0,127.0,460.0,127.0,389.0,70.06,0.0,1.17,0.2,0.29,0.68,42.3,0.0
"Field bean, white",B009,19.84,22.99,44.53,1173.0,8.61,186.0,61.57,503.0,61.57,426.0,76.61,0.0,1.07,0.1,0.41,0.56,42.25,0.0
"Green gram, dal",B010,23.88,9.37,52.59,1363.0,9.77,247.0,35.85,534.0,35.85,377.0,157.0,0.0,0.95,0.1,0.3,0.55,41.06,0.0
"Green gram, whole",B011,22.53,17.04,46.13,1229.0,9.95,274.0,27.22,611.0,27.22,430.0,180.0,0.0,0.54,0.1,0.14,0.3,39.21,0.0
"Horse gram, whole",B012,21.73,7.88,57.24,1379.0,9.28,135.0,68.89,258.0,68.89,207.0,51.68,0.0,0.35,0.1,0.15,0.1,47.96,0.0
Lentil dal,B013,24.35,10.43,52.53,1349.0,9.71,91.02,112.0,336.0,112.0,266.0,70.14,0.0,1.95,0.8,0.3,0.85,44.44,0.0
"Lentil whole, brown",B014,22.49,16.82,48.47,1251.0,9.2,81.22,102.0,277.0,102.0,221.0,55.4,0.0,1.63,0.78,0.15,0.71,41.41,0.0
"Lentil whole, yellowish",B015,22.87,16.66,47.91,1246.0,9.75,76.17,92.18,274.0,92.18,217.0,57.16,0.0,1.5,0.5,0.23,0.77,42.08,0.0
Moth bean,B016,19.75,15.12,52.09,1291.0,8.14,434.0,72.25,848.0,72.25,609.0,240.0,0.0,1.36,0.1,0.62,0.64,46.64,0.0
"Peas, dry",B017,20.43,17.01,48.93,1269.0,9.33,242.0,398.0,873.0,398.0,728.0,145.0,0.0,2.03,0.61,0.48,0.94,43.04,0.0
"Rajmah, black",B018,19.01,17.74,49.59,1247.0,8.69,238.0,105.0,927.0,105.0,386.0,541.0,0.0,2.02,0.0,0.18,1.84,38.45,0.0
"Rajmah, brown",B019,19.5,16.95,48.83,1245.0,9.68,242.0,91.76,896.0,91.76,344.0,552.0,0.0,2.27,0.0,0.39,1.88,38.05,0.0
"Rajmah, red",B020,19.91,16.57,48.61,1252.0,9.87,256.0,87.84,931.0,87.84,374.0,557.0,0.0,1.52,0.0,0.23,1.29,38.55,0.0
"Red gram, dal",B021,21.7,9.06,55.23,1384.0,9.2,257.0,89.94,651.0,89.94,600.0,51.44,0.0,2.08,0.1,0.2,1.78,48.53,0.0
"Red gram, whole",B022,20.47,22.84,42.48,1146.0,9.3,277.0,78.55,637.0,78.55,585.0,51.67,0.0,1.3,0.1,0.2,1.0,38.97,0.0
Ricebean,B023,19.97,13.37,51.26,1265.0,11.12,172.0,357.0,62.93,357.0,62.93,0.0,0.0,1.33,0.2,0.73,0.4,44.05,0.0
"Soya bean, brown",B024,35.58,21.55,12.79,1596.0,5.51,3092.0,4558.0,11279.0,4499.0,9969.0,1310.0,0.0,2.51,0.2,0.63,1.68,6.65,0.0
"Soya bean, white",B025,37.8,22.63,10.16,1579.0,5.47,3002.0,4817.0,11071.0,4723.0,9754.0,1318.0,0.0,2.2,0.2,0.56,1.44,7.26,0.0
Agathi leaves,C001,8.01,8.6,5.21,295.0,74.43,490.0,57.67,532.0,40.76,125.0,407.0,0.0,0.23,0.1,0.1,0.03,3.72,0.0
"Amaranth leaves, green",C002,3.29,4.41,2.28,128.0,86.85,194.0,48.87,358.0,31.26,111.0,247.0,0.0,0.32,0.09,0.19,0.04,0.7,0.0
"Amaranth leaves, red mix",C003,3.93,4.91,2.37,140.0,85.56,210.0,47.34,326.0,31.48,112.0,214.0,0.0,0.28,0.24,0.04,0.0,0.77,0.0
"Amaranth leaves, red and green mix",C004,3.09,4.6,2.87,132.0,86.37,197.0,46.59,332.0,32.72,118.0,214.0,0.0,0.15,0.03,0.12,0.0,0.95,0.0
"Amaranth spinosus, leaves, green mix",C005,3.54,5.1,1.61,110.0,86.46,85.13,16.46,186.0,7.79,39.0,147.0,0.0,0.14,0.01,0.13,0.0,0.69,0.0
"Amaranth spinosus, leaves, red and green mix",C006,2.8,5.57,1.45,99.0,86.64,85.96,17.77,168.0,7.36,36.85,131.0,0.0,0.13,0.01,0.12,0.0,0.73,0.0
Basella leaves,C007,1.57,2.21,2.01,82.0,92.68,101.0,51.28,203.0,38.96,80.67,123.0,0.0,0.02,0.01,0.01,0.01,1.67,0.0
Bathua leaves,C008,2.5,4.01,2.56,116.0,88.77,120.0,8.61,219.0,0.0,50.68,169.0,0.0,0.52,0.01,0.51,0.0,1.07,0.0
Beet greens,C009,2.38,3.64,3.86,145.0,86.68,188.0,79.51,308.0,72.38,101.0,207.0,0.0,0.13,0.03,0.1,0.0,2.05,0.0
"Betel leaves, big (kolkata)",C010,2.51,2.12,7.37,202.0,84.93,250.0,93.43,256.0,72.07,110.0,146.0,0.0,0.37,0.2,0.17,0.0,6.24,0.0
"Betel leaves, small",C011,2.62,1.97,6.16,183.0,85.92,238.0,82.67,277.0,64.74,104.0,172.0,0.0,0.4,0.2,0.2,0.0,5.14,0.0
Brussels sprouts,C012,4.26,4.29,5.09,185.0,84.39,226.0,88.69,84.92,88.69,43.82,41.11,0.0,0.17,0.04,0.05,0.08,4.31,0.0
"Cabbage, Chinese",C013,1.58,2.01,2.36,75.0,93.19,33.01,15.97,55.01,15.97,11.68,43.33,0.0,0.42,0.2,0.1,0.12,1.0,0.0
"Cabbage, collard greens",C014,3.63,2.98,2.79,126.0,89.53,61.87,37.19,117.0,37.19,54.33,62.6,0.0,0.76,0.41,0.24,0.11,1.59,0.0
"Cabbage, green",C015,1.36,2.76,3.25,90.0,91.85,46.54,30.05,91.4,30.05,42.8,48.61,0.0,1.0,0.52,0.26,0.23,0.53,0.0
"Cabbage, violet",C016,1.39,2.21,3.54,97.0,91.94,58.42,41.14,112.0,41.14,52.26,60.18,0.0,0.8,0.43,0.18,0.19,0.54,0.0
Cauliflower leaves,C017,3.9,3.43,3.39,148.0,87.64,115.0,20.8,224.0,20.8,84.83,139.0,0.0,0.61,0.32,0.24,0.05,1.53,0.0
"Colocasia leaves, green",C018,3.42,5.6,3.69,182.0,83.61,426.0,47.63,689.0,30.39,353.0,335.0,0.0,0.63,0.2,0.1,0.33,2.1,0.0
Drumstick leaves,C019,6.41,8.21,5.62,282.0,75.65,560.0,102.0,668.0,102.0,222.0,446.0,0.0,0.02,0.0,0.02,0.0,2.49,0.0
Fenugreek leaves,C020,3.68,4.9,2.17,144.0,86.73,199.0,20.15,445.0,11.06,82.83,362.0,0.0,0.88,0.71,0.17,0.0,0.6,0.0
Garden cress,C021,5.62,2.6,4.48,208.0,84.02,28.68,8.24,58.71,7.3,34.61,24.1,0.0,0.92,0.1,0.72,0.1,1.25,0.0
"Gogu leaves, green",C022,1.86,4.59,4.06,152.0,87.42,245.0,39.85,584.0,21.97,150.0,434.0,0.0,0.01,0.0,0.01,0.0,1.15,0.0
"Gogu leaves, red",C023,1.85,3.89,4.24,153.0,87.98,243.0,45.93,567.0,26.39,132.0,435.0,0.0,0.01,0.0,0.01,0.0,1.16,0.0
"Knol-Khol, leaves",C024,3.12,2.76,6.16,178.0,86.2,107.0,18.91,154.0,13.07,43.0,111.0,0.0,0.1,0.0,0.05,0.05,4.47,0.0
Lettuce,C025,1.54,1.79,3.01,91.0,92.27,116.0,22.22,208.0,13.16,74.85,134.0,0.0,0.22,0.17,0.05,0.0,1.5,0.0
Mustard leaves,C026,3.52,3.92,2.41,127.0,88.17,142.0,27.56,323.0,11.31,83.12,240.0,0.0,0.04,0.0,0.02,0.02,1.41,0.0
Pak Choi leaves,C027,1.41,1.91,1.78,67.0,93.56,38.98,23.03,138.0,23.03,60.03,77.96,0.0,0.52,0.1,0.2,0.22,1.1,0.0
Parsley,C028,5.55,3.87,9.43,305.0,77.76,345.0,32.94,476.0,18.52,221.0,255.0,0.0,0.69,0.29,0.2,0.2,6.36,0.0
Ponnaganni,C029,5.29,6.74,5.17,213.0,79.43,204.0,33.38,250.0,23.61,107.0,143.0,0.0,0.44,0.11,0.33,0.0,3.66,0.0
"Pumpkin leaves, tender",C030,4.21,2.25,4.75,185.0,85.82,267.0,17.67,313.0,6.91,14.95,298.0,0.0,0.1,0.0,0.1,0.0,2.1,0.0
Radish leaves,C031,2.22,1.82,2.77,109.0,91.19,147.0,26.93,248.0,18.88,45.49,203.0,0.0,0.29,0.14,0.05,0.1,1.8,0.0
Rumex leaves,C032,1.62,1.27,2.33,82.0,93.18,60.92,18.68,188.0,11.73,45.68,143.0,0.0,0.45,0.11,0.21,0.14,1.1,0.0
Spinach,C033,2.14,2.38,2.05,102.0,90.31,183.0,42.83,295.0,32.87,75.06,220.0,0.0,0.24,0.07,0.18,0.0,1.38,0.0
"Tamarind leaves, tender",C034,5.84,10.7,10.04,299.0,71.69,176.0,42.3,306.0,33.01,76.79,230.0,0.0,0.17,0.05,0.12,0.0,6.85,0.0
Ash gourd,D001,0.79,3.37,2.84,73.0,92.17,25.26,7.43,76.47,6.57,74.89,1.58,0.0,0.19,0.12,0.05,0.02,1.01,0.0
"Bamboo shoot, tender",D002,1.33,1.55,1.67,68.0,94.56,41.09,7.45,51.46,7.45,42.23,9.24,0.0,0.09,0.07,0.02,0.0,0.51,0.0
"Bean scarlet, tender",D003,2.86,4.5,5.16,179.0,85.51,266.0,46.81,429.0,38.09,203.0,227.0,0.0,1.03,0.38,0.51,0.14,3.53,0.0
"Bitter gourd, jagged, teeth ridges, elongate",D004,1.44,3.78,2.82,87.0,90.87,144.0,8.08,40.78,4.55,17.74,23.04,0.0,0.04,0.04,0.0,0.0,0.92,0.0
"Bitter gourd, jagged, teeth ridges, short",D005,1.34,3.49,2.53,79.0,91.6,139.0,7.61,55.2,5.36,17.5,37.7,0.0,0.06,0.06,0.0,0.0,0.93,0.0
"Bitter gourd, jagged, smooth ridges, elongate",D006,1.61,3.72,2.29,81.0,91.24,142.0,6.63,59.25,3.91,22.75,36.5,0.0,0.08,0.08,0.0,0.0,0.87,0.0
"Bottle gourd, elongate, pale green",D007,0.53,2.12,1.68,46.0,95.17,41.44,3.54,64.94,3.54,40.31,24.63,0.0,0.36,0.23,0.13,0.0,0.67,0.0
"Bottle gourd, round, pale green",D008,0.42,2.1,2.53,57.0,94.5,41.07,3.47,63.46,3.47,40.53,22.12,0.0,0.34,0.25,0.1,0.0,0.67,0.0
"Bottle gourd, elongate, dark green",D009,0.49,2.11,2.25,54.0,94.63,42.04,9.05,52.92,2.93,32.96,19.35,0.0,0.39,0.33,0.06,0.0,0.58,0.0
Brinjal-1,D010,1.77,3.57,3.49,114.0,89.95,94.53,27.94,210.0,27.94,171.0,38.73,0.0,0.88,0.66,0.03,0.19,1.04,0.0
Brinjal-2,D011,1.82,4.01,2.71,99.0,90.28,88.11,16.8,167.0,16.8,132.0,35.1,0.0,0.98,0.79,0.04,0.15,1.01,0.0
Brinjal-3,D012,1.36,4.26,3.38,102.0,90.02,72.34,21.05,171.0,21.05,143.0,27.38,0.0,0.93,0.52,0.32,0.1,0.51,0.0
Brinjal-4,D013,1.51,4.04,3.19,100.0,90.28,66.91,25.2,158.0,25.2,137.0,21.11,0.0,0.86,0.55,0.15,0.17,0.97,0.0
Brinjal-5,D014,1.38,4.13,4.02,111.0,89.45,69.24,18.56,147.0,18.56,121.0,26.2,0.0,0.99,0.67,0.1,0.22,0.85,0.0
Brinjal-6,D015,1.46,3.68,3.29,97.0,90.57,70.99,16.94,144.0,16.94,117.0,27.38,0.0,1.0,0.52,0.26,0.23,1.36,0.0
Brinjal-7,D016,1.4,3.32,3.1,98.0,91.25,71.72,22.92,153.0,22.92,136.0,17.62,0.0,1.38,1.01,0.3,0.07,0.89,0.0
Brinjal-8,D017,1.82,4.01,3.75,117.0,89.28,68.17,25.32,159.0,25.32,135.0,23.15,0.0,0.79,0.41,0.11,0.27,1.98,0.0
Brinjal-9,D018,1.47,4.0,3.52,106.0,89.83,80.49,25.08,170.0,25.08,147.0,23.6,0.0,0.91,0.47,0.23,0.21,1.54,0.0
Brinjal-10,D019,1.68,3.9,4.08,116.0,89.38,66.0,21.91,132.0,21.91,117.0,15.18,0.0,0.86,0.5,0.23,0.13,1.29,0.0
Brinjal-11,D020,1.43,4.12,3.53,105.0,89.93,68.14,21.59,140.0,21.59,119.0,20.9,0.0,1.05,0.54,0.21,0.3,1.76,0.0
Brinjal-12,D021,1.6,3.89,2.73,93.0,90.94,68.52,17.14,130.0,17.14,111.0,19.12,0.0,1.22,0.82,0.14,0.27,0.75,0.0
Brinjal-13,D022,1.49,3.92,4.51,124.0,89.14,82.96,15.45,150.0,15.45,126.0,23.51,0.0,1.15,0.59,0.37,0.19,1.12,0.0
Brinjal-14,D023,1.56,3.87,3.27,106.0,90.31,59.14,16.76,125.0,16.76,108.0,17.49,0.0,0.88,0.4,0.28,0.2,0.92,0.0
Brinjal-15,D024,1.58,3.99,3.96,114.0,89.44,67.08,24.66,150.0,24.66,131.0,19.2,0.0,0.82,0.4,0.15,0.27,1.08,0.0
Brinjal-16,D025,1.26,3.74,3.46,103.0,90.39,83.65,21.95,166.0,21.95,143.0,23.91,0.0,0.99,0.54,0.13,0.32,0.61,0.0
Brinjal-17,D026,1.18,3.94,2.89,91.0,90.83,81.14,28.21,179.0,28.21,150.0,28.31,0.0,0.85,0.4,0.26,0.19,0.62,0.0
Brinjal-18,D027,1.47,4.38,4.1,116.0,89.07,69.18,20.71,133.0,20.71,111.0,21.75,0.0,1.44,0.95,0.2,0.29,1.28,0.0
Brinjal-19,D028,1.26,3.97,3.39,100.0,90.41,59.27,18.19,124.0,18.19,107.0,16.89,0.0,0.96,0.5,0.32,0.14,1.05,0.0
Brinjal-20,D029,1.44,3.73,3.15,99.0,90.65,79.91,20.28,167.0,20.28,140.0,26.55,0.0,0.76,0.42,0.21,0.12,2.08,0.0
Brinjal-21,D030,1.36,3.85,3.93,113.0,89.83,88.28,25.84,170.0,25.84,140.0,30.14,0.0,0.93,0.7,0.07,0.15,1.08,0.0
Brinjal - all varieties,D031,1.48,3.98,3.52,106.0,90.0,71.15,21.45,149.0,21.45,127.0,22.65,0.0,0.97,0.55,0.2,0.22,1.31,0.0
Broad beans,D032,3.85,8.63,2.11,123.0,84.2,42.62,8.53,64.85,7.85,42.97,21.88,0.0,1.22,0.61,0.41,0.2,0.84,0.0
"Capsicum, green",D033,1.11,2.06,1.84,68.0,93.89,77.03,12.71,172.0,11.29,135.0,37.08,0.0,0.86,0.42,0.2,0.23,0.31,0.0
"Capsicum, red",D034,1.47,2.19,2.14,83.0,92.99,86.39,47.65,217.0,43.51,180.0,37.77,0.0,0.93,0.34,0.26,0.33,0.08,0.0
"Capsicum, yellow",D035,1.35,2.19,1.95,78.0,93.38,102.0,55.55,201.0,51.44,161.0,39.49,0.0,0.97,0.38,0.25,0.35,0.12,0.0
Cauliflower,D036,2.15,3.71,2.03,96.0,90.76,117.0,24.83,216.0,24.83,99.0,117.0,0.0,0.47,0.27,0.14,0.06,0.59,0.0
Celery stalk,D037,0.98,2.09,2.33,69.0,92.87,62.76,5.94,131.0,5.94,99.0,32.33,0.0,0.75,0.15,0.25,0.35,0.68,0.0
Cho-cho-marrow,D038,0.66,1.55,3.47,79.0,93.78,76.12,13.3,22.58,13.3,12.6,9.98,0.0,0.76,0.4,0.25,0.12,1.17,0.0
Cluster beans,D039,3.55,4.83,4.91,168.0,84.65,107.0,30.24,148.0,30.24,84.74,63.4,0.0,0.12,0.0,0.1,0.02,4.42,0.0
"Colocasia, stem, black",D040,0.76,3.01,3.83,100.0,91.15,103.0,14.98,154.0,13.12,113.0,41.36,0.0,0.53,0.37,0.16,0.0,0.55,0.0
"Colocasia, stem, green",D041,0.91,2.33,2.86,81.0,92.67,67.53,7.78,110.0,6.37,82.53,27.75,0.0,0.25,0.09,0.16,0.0,0.89,0.0
"Corn, Baby",D042,2.69,6.09,11.66,306.0,75.44,211.0,392.0,459.0,384.0,433.0,25.69,0.0,0.49,0.2,0.15,0.14,4.12,0.0
"Cucumber, green, elongate",D043,0.71,2.14,3.48,82.0,92.96,64.17,10.57,67.93,8.58,59.3,8.63,0.0,0.27,0.25,0.02,0.0,0.5,0.0
"Cucumber, green, short",D044,0.83,2.13,2.82,73.0,93.52,67.77,8.4,51.83,7.24,35.73,16.1,0.0,0.21,0.19,0.02,0.0,0.58,0.0
"Cucumber, orange, round",D045,0.98,2.46,3.01,82.0,92.8,71.9,7.41,68.7,5.42,45.94,22.76,0.0,0.22,0.18,0.05,0.0,0.53,0.0
Drumstick,D046,2.62,6.83,3.76,123.0,85.39,29.05,46.4,27.21,45.05,19.14,8.07,0.0,1.47,1.02,0.2,0.24,1.31,0.0
"Field beans, tender, broad",D047,3.06,5.64,2.75,129.0,86.98,182.0,33.91,301.0,33.91,204.0,96.74,0.0,0.95,0.68,0.21,0.06,1.68,0.0
"Field beans, tender, lean",D048,3.71,6.19,2.85,140.0,85.57,175.0,26.28,281.0,26.28,195.0,86.04,0.0,0.76,0.59,0.15,0.02,1.51,0.0
"French beans, country",D049,2.49,4.38,2.68,102.0,89.14,71.07,11.13,127.0,8.6,59.21,68.19,0.0,1.06,0.6,0.12,0.12,0.75,0.0
"French beans, hybrid",D050,2.12,4.18,2.63,93.0,90.11,66.8,11.85,135.0,9.88,62.83,72.13,0.0,1.0,0.65,0.14,0.1,0.77,0.0
"Jack fruit, raw",D051,1.98,7.69,3.48,110.0,85.52,47.36,115.0,107.0,21.79,68.67,38.57,0.0,2.02,1.21,0.26,0.55,0.02,0.0
"Jack fruit, seed, mature",D052,5.79,8.63,11.81,322.0,72.32,146.0,16.21,181.0,13.52,154.0,26.51,0.0,2.23,1.45,0.67,0.11,6.54,0.0
Knol - Khol,D053,1.58,2.75,1.39,67.0,93.14,97.4,31.62,130.0,27.29,59.04,71.39,0.0,0.43,0.05,0.11,0.27,0.51,0.0
"Kovai, big",D054,1.39,3.0,2.01,73.0,92.78,68.84,4.35,98.82,3.37,59.07,39.75,0.0,0.98,0.74,0.06,0.0,0.22,0.0
"Kovai, small",D055,1.22,3.25,2.41,80.0,92.4,75.33,4.51,112.0,3.97,83.07,29.1,0.0,1.07,0.83,0.1,0.0,0.12,0.0
Ladies finger,D056,2.08,4.08,3.62,115.0,89.06,69.37,8.1,109.0,7.22,76.82,32.38,0.0,0.48,0.4,0.07,0.05,0.89,0.0
"Mango, green, raw",D057,0.69,3.01,10.59,205.0,85.14,27.28,9.25,30.13,7.15,17.53,12.61,0.0,2.42,1.84,0.52,0.0,5.8,0.0
"Onion, stalk",D058,2.07,5.21,2.99,107.0,88.35,92.08,5.52,98.98,5.52,55.43,43.55,0.0,0.41,0.0,0.05,0.06,1.1,0.0
"Papaya, raw",D059,0.5,2.28,4.4,100.0,92.04,69.15,44.53,75.64,44.53,66.04,9.6,0.0,3.63,2.64,0.99,0.0,0.0,0.0
Parwar,D060,1.4,2.61,3.54,101.0,91.57,95.93,13.19,112.0,13.19,91.87,20.35,0.0,0.37,0.31,0.06,0.0,0.9,0.0
"Peas, fresh",D061,7.25,6.32,11.88,340.0,73.37,19.01,28.75,56.24,28.75,46.75,9.49,0.0,0.97,0.41,0.2,0.36,6.92,0.0
"Plantain, flower",D062,1.47,5.25,2.15,89.0,89.14,273.0,31.69,198.0,29.84,154.0,44.08,0.0,0.17,0.13,0.04,0.0,1.86,0.0
"Plantain, green",D063,1.18,3.6,17.58,334.0,76.15,57.13,16.21,107.0,16.21,72.89,33.77,0.0,0.86,0.76,0.1,0.0,15.43,0.0
"Plantain, stem",D064,0.35,2.12,8.64,165.0,87.53,27.45,2.71,28.5,2.06,14.12,14.38,0.0,0.65,0.0,0.65,0.0,4.51,0.0
"Pumpkin, green, cylindrical",D065,0.87,2.53,4.22,103.0,91.73,53.32,25.17,65.51,23.99,38.94,26.57,0.0,2.9,1.03,1.01,0.86,0.2,0.0
"Pumpkin, orange, round",D066,0.84,2.56,4.0,97.0,91.85,44.58,22.02,62.73,21.04,36.17,26.57,0.0,2.97,1.9,0.33,0.74,0.33,0.0
"Red gram, tender, fresh",D067,8.09,5.9,19.46,520.0,64.0,211.0,51.13,474.0,51.13,427.0,47.24,0.0,0.55,0.22,0.1,0.23,14.02,0.0
Ridge gourd,D068,0.91,1.81,1.72,55.0,94.99,54.49,2.57,55.08,1.75,28.66,26.42,0.0,0.62,0.45,0.08,0.03,0.81,0.0
"Ridge gourd, smooth skin",D069,0.98,1.85,2.24,64.0,94.27,43.07,2.95,57.98,2.08,29.79,28.19,0.0,0.41,0.32,0.06,0.02,0.79,0.0
"Snake gourd, long, pale green",D070,0.98,2.27,1.27,52.0,94.81,94.9,4.89,97.54,4.89,42.96,54.59,0.0,0.42,0.31,0.05,0.01,0.78,0.0
"Snake gourd, long, dark green",D071,0.89,2.27,1.23,50.0,94.92,95.87,4.77,99.36,4.77,45.65,53.71,0.0,0.45,0.3,0.1,0.01,0.74,0.0
"Snake gourd, short",D072,0.54,2.29,2.15,61.0,94.35,100.0,2.96,105.0,2.96,34.56,70.55,0.0,0.46,0.31,0.12,0.01,0.72,0.0
"Tinda, tender",D073,1.02,2.0,1.9,58.0,94.41,48.97,6.28,76.11,5.75,46.46,30.39,0.0,0.44,0.25,0.07,0.0,0.64,0.0
"Tomato, green",D074,1.12,1.62,3.18,87.0,93.21,46.91,36.91,109.0,35.51,95.45,13.57,0.0,0.83,0.41,0.42,0.0,0.48,0.0
"Tomato, ripe, hybrid",D075,0.76,1.58,3.2,79.0,93.79,47.65,30.5,119.0,29.25,104.0,14.7,0.0,1.82,1.65,0.18,0.0,0.0,0.0
"Tomato, ripe, local",D076,0.9,1.77,2.71,82.0,93.62,79.56,58.66,208.0,56.55,185.0,23.59,0.0,1.34,1.16,0.18,0.0,0.0,0.0
"Zucchini, green",D077,1.1,2.3,2.33,84.0,92.83,119.0,37.83,251.0,36.38,98.72,152.0,0.0,0.14,0.12,0.02,0.0,1.47,0.0
"Zucchini, yellow",D078,1.31,1.84,2.2,79.0,93.15,56.92,21.32,114.0,19.87,43.0,71.42,0.0,0.29,0.19,0.1,0.0,1.07,0.0
"Apple, big",E001,0.29,2.59,13.11,261.0,83.01,154.0,51.13,282.0,51.13,249.0,32.63,0.0,9.53,8.36,1.03,0.14,0.0,0.0
"Apple, green",E002,0.46,2.54,10.65,214.0,85.54,116.0,40.99,223.0,40.99,173.0,49.73,0.0,8.39,7.19,1.08,0.12,0.0,0.0
"Apple, small",E003,0.31,2.06,13.95,267.0,82.91,149.0,46.96,224.0,46.96,195.0,29.52,0.0,9.8,8.52,1.17,0.11,0.0,0.0
"Apple, small, Kashmir",E004,0.27,2.07,13.99,269.0,82.79,176.0,50.63,253.0,50.63,211.0,41.61,0.0,9.15,7.18,1.6,0.37,0.0,0.0
"Apricot, dried",E005,3.17,3.32,72.63,1321.0,16.68,200.0,118.0,286.0,118.0,206.0,79.91,0.0,25.72,16.52,6.98,2.21,44.38,0.0
"Apricot, processed",E006,1.47,0.59,10.93,236.0,85.75,185.0,23.33,319.0,23.33,165.0,154.0,0.0,4.36,1.33,0.43,2.6,4.99,0.0
Avocado fruit,E007,2.95,6.69,1.75,604.0,73.56,1237.0,8710.0,1141.0,8215.0,1078.0,62.11,0.0,1.65,1.0,0.44,0.21,0.1,0.0
Bael fruit,E008,2.63,6.31,28.21,569.0,61.36,190.0,112.0,154.0,107.0,87.01,66.18,0.0,16.35,9.58,2.65,4.12,7.2,0.0
"Banana, ripe, montham",E009,1.25,2.21,24.95,463.0,70.13,110.0,14.38,132.0,8.73,68.33,63.24,0.0,14.9,6.32,7.68,0.9,3.32,0.0
"Banana, ripe, poovam",E010,1.49,2.33,23.41,445.0,71.32,113.0,32.29,135.0,28.45,65.5,69.67,0.0,12.54,5.43,6.12,0.99,4.72,0.0
"Banana, ripe, red",E011,1.29,1.98,25.21,467.0,70.28,106.0,17.78,108.0,11.32,61.66,46.23,0.0,14.57,6.03,4.05,4.49,3.96,0.0
"Banana, ripe, robusta",E012,1.23,1.94,23.63,440.0,71.93,114.0,20.89,127.0,14.28,53.5,73.44,0.0,13.65,6.5,4.05,3.1,5.29,0.0
Black berry,E013,0.92,4.35,10.64,227.0,82.94,195.0,87.71,234.0,81.56,153.0,80.24,0.0,7.61,4.47,2.5,0.64,0.0,0.0
"Cherries, red",E014,1.49,2.12,11.87,250.0,83.61,125.0,95.85,187.0,95.85,116.0,71.55,0.0,10.72,5.91,4.61,0.2,0.0,0.0
"Currants, black",E015,1.51,4.07,9.93,227.0,83.27,83.33,302.0,39.06,298.0,30.58,8.47,0.0,6.33,2.98,2.85,0.5,2.56,0.0
Custard apple,E016,1.62,5.1,20.38,414.0,71.55,138.0,39.74,132.0,34.85,78.56,53.47,0.0,13.35,9.1,4.25,0.0,0.34,0.0
"Dates, dry, pale brown",E017,2.45,8.95,74.91,1340.0,11.14,97.03,30.43,159.0,30.43,140.0,19.49,0.0,66.63,14.9,6.15,45.58,0.87,0.0
"Dates, dry, dark brown",E018,2.38,9.1,72.67,1301.0,13.13,114.0,21.0,145.0,21.0,129.0,16.35,0.0,68.84,15.04,6.26,47.54,0.99,0.0
"Dates, processed",E019,1.18,6.52,67.95,1197.0,22.01,149.0,46.88,136.0,46.88,124.0,11.63,0.0,56.96,22.34,5.0,29.62,1.78,0.0
Fig,E020,2.03,4.64,16.28,341.0,75.6,89.44,41.38,97.09,41.38,50.57,46.52,0.0,8.64,5.89,1.2,1.55,1.15,0.0
Goosberry,E021,0.34,7.75,4.39,99.0,87.02,38.48,23.93,75.24,23.93,47.41,27.83,0.0,3.39,2.1,1.29,0.0,0.56,0.0
"Grapes, seeded, round, black",E022,0.76,1.35,13.23,254.0,83.88,106.0,12.73,139.0,12.73,94.88,44.44,0.0,10.02,7.1,2.77,0.15,0.0,0.0
"Grapes, seeded, round, green",E023,0.77,1.25,12.19,235.0,85.07,92.42,11.1,119.0,11.1,82.21,36.68,0.0,9.59,7.11,2.38,0.1,0.0,0.0
"Grapes, seeded, round, red",E024,0.95,1.28,12.55,244.0,84.46,92.04,12.18,123.0,12.18,83.32,39.64,0.0,10.47,7.8,2.57,0.1,0.0,0.0
"Grapes, seedless, oval, black",E025,1.41,1.64,20.48,395.0,75.3,45.63,33.96,183.0,33.96,172.0,11.29,0.0,9.19,7.08,2.01,0.1,0.0,0.0
"Grapes, seedless, round, green",E026,0.62,1.28,11.81,224.0,85.55,87.11,9.33,113.0,9.33,80.7,32.12,0.0,9.6,7.35,2.15,0.1,0.0,0.0
"Grapes, seedless, round, black",E027,1.24,1.15,19.86,374.0,76.9,129.0,12.97,162.0,12.97,109.0,52.81,0.0,10.88,7.49,3.29,0.1,0.0,0.0
"Guava, white flesh",E028,1.44,8.59,5.13,135.0,83.79,49.3,35.72,176.0,35.08,165.0,11.08,0.0,4.1,2.0,1.9,0.2,0.63,0.0
"Guava, pink flesh",E029,1.19,7.39,9.14,195.0,81.22,27.18,13.97,91.65,13.97,84.36,7.29,0.0,7.79,4.01,3.6,0.18,0.7,0.0
"Jack fruit, ripe",E030,2.74,3.62,14.01,302.0,78.56,37.66,44.27,38.07,9.34,22.63,15.44,0.0,12.21,4.12,3.33,4.76,0.5,0.0
"Jambu fruit, ripe",E031,0.82,3.07,12.3,235.0,83.33,66.49,20.73,48.77,17.56,42.4,6.37,0.0,6.84,4.47,2.21,0.16,1.48,0.0
Karonda fruit,E032,1.15,7.25,2.87,141.0,86.04,66.81,24.12,52.6,20.48,45.12,7.48,0.0,1.75,1.19,0.56,0.0,0.8,0.0
"Lemon, juice",E033,0.41,0.0,0.0,153.0,91.59,202.0,47.4,353.0,47.4,270.0,83.53,0.0,2.59,1.01,1.28,0.3,0.0,0.0
"Lime, sweet, pulp",E034,0.76,2.07,5.18,114.0,91.32,76.4,35.18,84.41,26.88,67.81,16.6,0.0,3.42,0.7,2.6,0.12,0.52,0.0
Litchi,E035,0.99,1.34,11.41,225.0,85.56,91.48,45.63,78.89,41.6,51.98,26.91,0.0,9.3,4.05,2.17,3.08,0.0,0.0
"Mango, ripe, banganapalli",E036,0.54,1.88,8.18,175.0,88.44,170.0,134.0,132.0,81.18,30.72,101.0,0.0,7.77,2.38,0.73,4.66,0.0,0.0
"Mango, ripe, gulabkhas",E037,0.52,1.67,10.32,209.0,86.65,180.0,145.0,99.3,89.08,27.91,71.39,0.0,8.13,3.9,2.6,1.63,0.0,0.0
"Mango, ripe, himsagar",E038,0.46,1.55,9.03,187.0,88.04,174.0,134.0,127.0,73.42,16.0,111.0,0.0,8.06,4.5,0.55,3.01,0.0,0.0
"Mango, ripe, kesar",E039,0.54,2.02,11.36,231.0,85.07,172.0,169.0,115.0,105.0,24.29,90.87,0.0,9.0,4.8,2.65,1.55,0.0,0.0
"Mango, ripe, neelam",E040,0.68,1.77,8.21,178.0,88.41,178.0,147.0,116.0,89.89,16.56,98.95,0.0,7.94,4.42,2.71,0.81,0.0,0.0
"Mango, ripe, paheri",E041,0.68,1.97,8.67,188.0,87.69,186.0,192.0,86.32,122.79,20.4,65.92,0.0,8.48,4.95,2.46,1.07,0.0,0.0
"Mango, ripe, totapari",E042,0.41,1.73,12.75,248.0,84.14,175.0,168.0,88.71,97.56,18.64,70.06,0.0,9.24,7.33,1.05,0.86,0.0,0.0
Mangosteen,E043,0.63,1.87,11.41,219.0,85.52,176.0,165.0,88.6,95.47,20.48,68.12,0.0,8.91,5.12,1.67,2.12,0.5,0.0
Manila tamarind,E044,3.56,4.4,13.54,342.0,74.54,27.81,33.45,19.49,33.45,6.01,13.48,0.0,12.13,3.45,4.12,4.56,0.5,0.0
"Musk melon, orange flesh",E045,0.42,1.51,4.24,97.0,92.97,92.94,25.18,159.0,17.86,97.34,61.33,0.0,2.99,0.62,0.71,1.65,0.0,0.0
"Musk melon, yellow flesh",E046,0.53,1.49,5.4,116.0,91.84,79.0,21.12,114.0,15.37,72.56,41.54,0.0,2.36,0.51,0.84,1.01,0.0,0.0
"Orange, pulp",E047,0.7,1.29,7.92,156.0,89.61,37.11,19.26,47.63,14.99,36.52,11.11,0.0,6.86,2.86,1.21,2.79,0.0,0.0
"Palm fruit, tender",E048,0.5,2.4,4.92,101.0,91.93,33.36,38.32,76.42,32.85,50.64,25.78,0.0,0.19,0.17,0.02,0.0,0.84,0.0
"Papaya, ripe",E049,0.42,2.83,4.61,100.0,91.47,56.08,26.35,48.24,16.83,10.33,37.91,0.0,4.09,2.44,1.15,0.5,0.0,0.0
Peach,E050,0.86,2.13,7.82,168.0,88.31,23.9,209.0,62.61,207.0,62.16,0.44,0.0,6.95,1.15,0.89,4.61,0.0,0.0
Pear,E051,0.36,4.48,8.09,157.0,86.49,75.94,24.26,101.0,24.26,84.54,16.58,0.0,7.39,3.51,2.74,1.12,0.0,0.0
Phalsa,E052,1.66,4.54,15.09,299.0,77.48,164.0,167.0,381.0,162.0,362.0,18.66,0.0,13.0,6.12,4.66,2.22,0.75,0.0
Pineapple,E053,0.52,3.46,9.42,180.0,86.06,51.09,31.15,47.76,31.15,17.75,30.0,0.0,8.56,1.21,3.12,4.23,0.0,0.0
Plum,E054,0.64,2.07,12.1,238.0,84.44,20.05,170.0,59.08,166.0,59.08,0.0,0.0,10.13,3.5,3.42,3.21,0.0,0.0
"Pomegranate, maroon seeds",E055,1.33,2.83,11.58,229.0,83.55,42.5,38.51,40.99,35.3,39.16,1.82,0.0,10.87,1.01,1.74,8.12,0.0,0.0
Pummelo,E056,0.68,0.8,10.64,210.0,86.97,115.0,41.0,187.0,32.3,134.0,53.21,0.0,4.38,2.09,1.44,0.86,0.46,0.0
"Raisins, dried, black",E057,2.57,3.92,71.29,1279.0,19.69,62.47,46.53,159.0,46.53,147.0,11.91,0.0,61.51,23.12,16.22,22.17,1.29,0.0
"Raisins, dried, golden",E058,2.76,4.56,68.79,1241.0,21.5,121.0,32.64,125.0,32.64,93.96,30.87,0.0,57.12,26.54,15.58,15.0,1.05,0.0
Rambutan,E059,0.68,1.02,16.84,306.0,80.87,144.0,160.0,362.0,145.0,160.0,202.0,0.0,15.8,8.78,6.0,1.02,0.0,0.0
Sapota,E060,0.92,9.6,13.9,307.0,73.64,389.0,255.0,358.0,220.0,233.0,125.0,0.0,12.3,8.6,2.85,0.85,0.0,0.0
Soursop,E061,0.74,4.95,11.94,260.0,80.85,135.0,38.54,132.0,33.98,77.98,54.02,0.0,9.83,7.99,1.66,0.18,0.12,0.0
Star fruit,E062,0.79,2.81,4.51,110.0,91.18,20.77,33.62,191.0,30.12,151.0,39.9,0.0,3.95,2.22,1.73,0.0,0.0,0.0
Strawberry,E063,0.97,2.5,3.4,103.0,92.03,66.21,77.87,291.0,77.87,179.0,112.0,0.0,3.56,1.9,1.6,0.07,0.1,0.0
"Tamarind, pulp",E064,2.92,5.31,67.35,1207.0,20.83,27.26,34.89,17.85,34.89,4.99,12.86,0.0,52.88,12.31,14.53,26.04,0.0,0.0
"Water melon, dark green (sugar baby)",E065,0.6,0.7,3.86,85.0,94.54,39.7,24.84,67.46,24.84,51.9,15.55,0.0,3.66,1.91,0.31,1.44,0.0,0.0
"Water melon, pale green",E066,0.59,0.78,3.02,70.0,95.33,50.33,10.96,65.38,10.96,54.86,10.52,0.0,3.0,2.57,0.21,0.22,0.0,0.0
Wood Apple,E067,3.14,5.21,7.52,327.0,79.36,877.0,595.0,1435.0,559.0,799.0,636.0,0.0,3.81,1.38,1.41,1.02,2.79,0.0
Zizyphus,E068,1.34,3.73,9.4,204.0,84.39,119.0,126.0,35.25,110.0,27.18,8.07,0.0,8.29,4.3,2.98,1.01,0.0,0.0
Beet root,F001,1.95,3.31,6.18,149.0,86.95,31.17,21.96,64.21,21.96,57.23,6.98,0.0,4.35,1.67,1.46,1.21,1.69,0.0
"Carrot, orange",F002,0.95,4.18,5.55,139.0,87.69,87.71,21.01,266.0,21.01,241.0,24.38,0.0,3.23,0.11,1.15,1.98,1.24,0.0
"Carrot, red",F003,1.04,4.49,6.71,160.0,86.07,88.91,18.27,270.0,18.27,246.0,24.1,0.0,3.96,1.08,1.13,1.75,1.39,0.0
Colocasia,F004,3.31,3.22,17.85,372.0,73.49,41.84,22.92,77.41,22.92,69.01,8.4,0.0,0.9,0.54,0.25,0.12,13.88,0.0
Lotus root,F005,1.94,4.7,14.67,332.0,76.26,249.0,84.12,414.0,84.12,291.0,123.0,0.0,0.24,0.07,0.11,0.07,13.22,0.0
"Potato, brown skin, big",F006,1.54,1.71,14.89,292.0,80.72,43.56,13.82,129.0,4.06,97.45,31.84,0.0,0.32,0.24,0.05,0.04,11.47,0.0
"Potato, brown skin, small",F007,1.35,1.69,12.9,255.0,82.97,44.03,11.94,128.0,7.37,54.34,73.68,0.0,0.44,0.26,0.08,0.1,10.29,0.0
"Potato, red skin",F008,1.83,1.68,15.43,306.0,79.72,39.87,14.91,121.0,2.53,92.44,28.78,0.0,0.38,0.22,0.1,0.05,13.08,0.0
"Radish, elongate, red skin",F009,0.67,2.46,6.71,134.0,89.32,42.65,7.29,56.73,6.17,23.71,33.02,0.0,1.15,0.48,0.27,0.4,0.41,0.0
"Radish, elongate, white skin",F010,0.77,2.65,6.56,135.0,89.05,43.88,9.14,53.64,7.94,21.64,32.0,0.0,0.95,0.31,0.03,0.62,0.59,0.0
"Radish, round, red skin",F011,0.89,2.29,6.07,130.0,89.68,46.08,6.08,75.85,4.82,21.18,54.67,0.0,0.86,0.38,0.18,0.3,0.64,0.0
"Radish, round, white skin",F012,0.8,2.37,6.13,129.0,89.76,41.15,12.64,62.2,11.47,15.71,46.49,0.0,1.16,0.36,0.3,0.5,0.3,0.0
"Sweet potato, brown skin",F013,1.33,3.99,24.25,456.0,69.21,66.1,4.1,116.0,4.1,96.29,19.52,0.0,3.63,0.46,0.71,2.47,18.82,0.0
"Sweet potato, pink skin",F014,1.27,3.94,23.93,452.0,69.58,101.0,9.35,180.0,9.35,154.0,25.92,0.0,4.03,0.9,0.97,2.16,19.88,0.0
Tapioca,F015,1.03,4.61,17.81,334.0,75.23,59.5,9.2,91.29,9.2,78.47,12.83,0.0,2.14,0.13,0.29,1.72,15.36,0.0
Water Chestnut,F016,0.86,3.02,21.46,400.0,73.34,87.42,105.0,104.0,100.0,97.81,6.16,0.0,1.95,0.12,0.32,1.51,15.93,0.0
"Yam, elephant",F017,2.56,4.17,17.46,353.0,74.39,35.72,6.75,73.52,6.75,57.08,16.44,0.0,1.58,0.7,0.16,0.72,14.36,0.0
"Yam, ordinary",F018,2.18,4.08,17.65,349.0,74.28,42.63,13.04,72.34,13.04,56.32,16.02,0.0,1.15,0.42,0.11,0.62,14.94,0.0
"Yam, wild",F019,3.07,4.57,20.95,430.0,69.35,79.51,22.66,142.0,22.66,111.0,30.93,0.0,1.54,0.62,0.12,0.8,15.35,0.0
"Chillies, green-1",G001,2.62,4.86,6.32,191.0,84.47,126.0,38.19,428.0,34.47,384.0,43.99,0.0,0.71,0.54,0.16,0.02,2.31,0.0
"Chillies, green-2",G002,2.28,5.13,5.27,167.0,85.72,131.0,33.39,433.0,28.54,391.0,41.73,0.0,1.05,0.93,0.11,0.02,1.96,0.0
"Chillies, green-3",G003,2.38,5.1,5.23,169.0,85.59,133.0,31.74,418.0,27.86,372.0,45.49,0.0,0.54,0.45,0.08,0.02,1.85,0.0
"Chillies, green-4",G004,2.33,4.15,6.63,190.0,85.29,148.0,29.25,412.0,24.06,364.0,47.37,0.0,0.62,0.47,0.14,0.01,1.65,0.0
"Chillies, green-5",G005,2.01,3.95,6.64,180.0,85.93,109.0,26.97,384.0,23.1,342.0,42.6,0.0,0.46,0.42,0.02,0.02,1.84,0.0
"Chillies, green-6",G006,3.01,5.15,5.31,175.0,84.93,121.0,27.57,363.0,22.9,329.0,34.57,0.0,0.59,0.43,0.15,0.01,1.7,0.0
"Chillies, green-7",G007,2.12,4.95,5.61,163.0,85.83,102.0,29.66,332.0,25.77,303.0,28.91,0.0,0.73,0.66,0.05,0.02,2.48,0.0
"Chillies, green - all varieties",G008,2.36,4.77,5.86,177.0,85.39,129.0,32.2,413.0,27.88,370.0,43.14,0.0,0.67,0.55,0.11,0.02,1.96,0.0
Coriander leaves,G009,3.52,4.66,1.93,130.0,86.99,228.0,9.06,320.0,8.31,151.0,169.0,0.0,0.17,0.07,0.06,0.05,1.06,0.0
Curry leaves,G010,7.41,16.83,4.51,266.0,65.33,267.0,44.57,569.0,44.57,152.0,417.0,0.0,0.6,0.41,0.2,0.0,3.08,0.0
"Garlic, big clove",G011,6.92,5.22,21.93,518.0,64.38,33.52,14.24,66.9,14.24,60.62,6.28,0.0,5.97,4.2,1.2,0.57,14.84,0.0
"Garlic, small clove",G012,6.75,5.47,21.84,514.0,64.42,32.63,13.55,61.82,13.55,56.95,4.86,0.0,4.84,1.48,1.08,2.28,14.86,0.0
"Garlic, single clove, Kashmir",G013,6.12,4.01,23.46,523.0,64.49,34.76,10.83,82.4,10.83,73.1,9.31,0.0,3.73,1.21,1.05,1.47,17.53,0.0
"Ginger, fresh",G014,2.22,5.36,8.97,230.0,81.27,231.0,67.97,381.0,67.97,302.0,78.99,0.0,1.31,1.0,0.15,0.17,3.8,0.0
Mango ginger,G015,1.45,4.74,6.98,177.0,84.55,177.0,52.26,334.0,52.26,256.0,78.26,0.0,2.42,1.11,0.81,0.5,1.79,0.0
Mint leaves,G016,4.66,5.89,2.39,155.0,84.24,125.0,13.23,352.0,13.23,65.09,286.0,0.0,0.08,0.01,0.07,0.0,1.02,0.0
"Onion, big",G017,1.5,2.45,9.56,201.0,85.76,60.81,39.36,107.0,39.36,100.0,6.63,0.0,5.88,1.89,1.47,2.52,0.8,0.0
"Onion, small",G018,1.82,1.16,11.58,237.0,84.67,41.01,15.83,71.16,15.83,66.6,4.55,0.0,5.62,1.44,1.63,2.55,0.75,0.0
Asafoetida,G019,6.34,5.13,71.95,1387.0,9.42,242.0,250.0,514.0,236.0,470.0,43.79,0.0,0.93,0.21,0.47,0.25,36.83,0.0
"Cardamom, green",G020,8.1,23.1,47.76,1067.0,11.24,624.0,891.0,583.0,858.0,411.0,172.0,0.0,4.28,1.84,1.89,0.55,29.47,0.0
"Cardamom, black",G021,6.69,23.46,52.53,1132.0,6.69,493.0,1083.0,517.0,1043.0,320.0,197.0,0.0,2.3,1.37,0.76,0.17,29.04,0.0
"Chillies, red",G022,12.69,31.15,29.46,990.0,14.57,1141.0,718.0,3263.0,646.0,3081.0,182.0,0.0,4.7,2.68,1.82,0.2,4.75,0.0
Cloves,G023,5.86,34.52,18.73,781.0,26.49,2679.0,605.0,3428.0,605.0,2737.0,691.0,0.0,2.1,1.68,0.43,0.0,8.57,0.0
Coriander seeds,G024,10.66,44.81,12.98,1125.0,8.72,952.0,10769.0,2247.0,10702.0,2203.0,44.01,0.0,2.38,1.61,0.77,0.0,6.07,0.0
Cumin seeds,G025,13.91,30.35,22.62,1274.0,10.59,619.0,8379.0,4313.0,8344.0,4269.0,44.0,0.0,1.38,0.63,0.75,0.0,14.46,0.0
Fenugreek seeds,G026,25.41,47.55,10.57,983.0,7.82,770.0,675.0,3133.0,663.0,2051.0,1082.0,0.0,0.55,0.31,0.12,0.11,3.66,0.0
Mace,G027,6.24,20.31,26.51,1488.0,20.06,9304.0,9302.0,4731.0,8898.0,4571.0,159.0,0.0,0.85,0.2,0.28,0.38,22.85,0.0
Nutmeg,G028,6.3,11.99,27.64,1940.0,15.55,3359.0,1637.0,379.0,1562.0,299.0,79.3,0.0,1.08,0.29,0.59,0.2,24.49,0.0
Omum,G029,15.89,20.58,24.53,1495.0,9.71,1112.0,13879.0,5193.0,13810.0,5116.0,76.71,0.0,2.76,2.07,0.47,0.22,15.75,0.0
Pippali,G030,10.53,34.14,35.7,906.0,10.95,602.0,327.0,885.0,289.0,587.0,299.0,0.0,2.75,1.24,0.51,1.0,31.72,0.0
"Pepper, black",G031,10.12,33.16,36.22,910.0,13.18,654.0,463.0,1076.0,463.0,818.0,258.0,0.0,0.32,0.09,0.23,0.0,35.35,0.0
Poppy seeds,G032,20.31,26.68,12.37,1768.0,4.22,2074.0,2353.0,13847.0,2311.0,13742.0,106.0,0.0,1.85,0.78,0.77,0.3,10.43,0.0
Turmeric powder,G033,7.66,21.38,49.22,1174.0,10.58,1634.0,448.0,1940.0,448.0,1563.0,377.0,0.0,1.23,0.0,0.49,0.75,44.44,0.0
Almond,H001,18.41,13.06,3.04,2549.0,4.37,4358.0,38336.0,13215.0,38012.0,13183.0,32.04,0.0,2.23,1.2,0.76,0.27,0.01,0.0
"Arecanut, dried, brown",H002,5.78,11.44,70.42,1467.0,6.63,2605.0,466.0,403.0,461.0,396.0,7.42,0.0,1.76,0.5,0.71,0.55,66.56,0.0
"Arecanut, dried, red color",H003,6.46,11.11,70.27,1477.0,6.3,1674.0,987.0,918.0,980.0,901.0,16.78,0.0,1.79,0.6,0.83,0.36,67.33,0.0
"Arecanut, fresh",H004,2.73,7.63,45.0,1024.0,37.7,3389.0,599.0,522.0,582.0,506.0,15.67,0.0,4.72,3.24,1.06,0.43,35.38,0.0
Cashew nut,H005,18.78,3.86,25.46,2438.0,4.44,7816.0,27907.0,7482.0,27678.0,7427.0,55.04,0.0,3.11,1.97,1.05,0.1,20.11,0.0
"Coconut, kernal, dry",H006,7.27,15.88,8.01,2611.0,3.97,43138.0,3710.0,929.0,3710.0,929.0,0.0,0.0,6.93,1.37,1.0,4.57,0.0,0.0
"Coconut, kernel, fresh",H007,3.84,10.42,6.3,1711.0,36.14,28048.0,2449.0,639.0,2434.0,639.0,0.0,0.0,6.2,1.0,0.89,4.31,0.0,0.0
"Garden cress, seeds",H008,23.36,8.27,33.66,1863.0,4.6,4101.0,8131.0,10464.0,5166.0,2839.0,7484.0,0.0,0.91,0.09,0.21,0.61,30.12,0.0
"Gingelly seeds, black",H009,19.17,17.16,10.29,2124.0,4.51,6317.0,15605.0,19259.0,15475.0,19123.0,136.0,0.0,0.99,0.31,0.47,0.21,8.54,0.0
"Gingelly seeds, brown",H010,21.61,17.21,9.76,2161.0,3.62,6250.0,15989.0,19078.0,15866.0,18966.0,112.0,0.0,1.39,0.5,0.21,0.68,7.92,0.0
"Gingelly seeds, white",H011,21.7,16.99,10.83,2174.0,3.3,6430.0,16124.0,18597.0,16001.0,18477.0,120.0,0.0,0.67,0.09,0.33,0.26,7.94,0.0
Ground nut,H012,23.65,10.38,17.27,2176.0,6.97,8144.0,18337.0,11584.0,17719.0,11584.0,0.0,0.0,4.42,0.6,0.25,3.57,10.19,0.0
Mustard seeds,H013,19.51,14.1,16.8,2132.0,5.67,2112.0,21032.0,8910.0,4012.0,4932.0,3341.0,0.0,5.07,1.13,1.4,2.55,9.05,0.0
Linseeds,H014,18.55,26.17,10.99,1857.0,5.48,2968.0,5112.0,16147.0,5049.0,3191.0,12956.0,0.0,0.6,0.2,0.4,0.0,7.55,0.0
"Niger seeds, black",H015,18.92,10.93,22.98,2144.0,4.65,5945.0,9033.0,21935.0,8813.0,21871.0,64.5,0.0,1.75,1.34,0.31,0.1,15.01,0.0
"Niger seeds, gray",H016,18.34,10.96,20.59,2128.0,5.66,9737.0,4452.0,23564.0,4013.0,23300.0,265.0,0.0,0.41,0.11,0.2,0.1,16.34,0.0
Pine seed,H017,12.55,3.79,26.77,2486.0,5.32,3801.0,18624.0,24202.0,18261.0,23874.0,188.0,0.0,4.67,1.55,1.0,2.12,17.93,0.0
Pistachio nuts,H018,23.35,10.64,15.82,2257.0,4.68,4043.0,18922.0,11946.0,18478.0,11776.0,171.0,0.0,7.9,4.11,2.65,1.15,6.65,0.0
Safflower seeds,H019,17.66,13.49,30.18,1981.0,5.24,2548.0,3589.0,18781.0,3487.0,18760.0,21.9,0.0,2.67,0.8,0.52,1.35,25.48,0.0
Sunflower seeds,H020,23.53,10.8,6.85,2453.0,3.53,6159.0,17803.0,25580.0,17649.0,25545.0,35.6,0.0,2.81,0.74,0.6,1.48,3.97,0.0
Walnut,H021,14.92,5.39,10.14,2809.0,3.56,5208.0,11316.0,44915.0,11168.0,36205.0,8710.0,0.0,3.22,1.1,0.36,1.76,6.63,0.0
"Jaggery, cane",I001,1.85,0.0,84.87,1480.0,11.2,69.23,21.67,33.1,21.67,33.1,0.0,0.0,84.32,22.31,3.79,58.23,0.0,0.0
"Sugarcane, juice",I002,0.16,0.56,13.11,242.0,85.54,140.0,29.7,173.0,29.7,145.0,28.34,0.0,12.85,0.55,2.27,10.03,0.0,0.0
"Button mushroom, fresh",J001,3.68,3.11,1.98,115.0,90.09,62.89,6.82,263.0,5.25,263.0,0.0,0.0,0.1,0.1,0.0,0.0,0.7,0.0
"Chicken mushroom, fresh",J002,1.84,1.99,2.76,89.0,92.43,59.6,3.02,137.0,2.4,111.0,26.43,0.0,0.1,0.1,0.0,0.0,1.86,0.0
"Shiitake mushroom, fresh",J003,3.19,3.02,8.98,243.0,82.94,116.0,12.33,480.0,9.73,417.0,0.0,0.0,0.2,0.2,0.0,0.0,4.31,0.0
"Oyster mushroom, dried",J004,19.04,39.12,33.07,1019.0,4.51,422.0,73.96,1792.0,38.44,1491.0,0.0,0.0,0.68,0.68,0.0,0.0,21.32,0.0
Toddy,K001,0.18,0.0,5.72,101.0,93.86,30.65,34.68,65.18,30.49,44.9,20.28,0.0,5.73,5.73,0.0,0.0,0.0,0.0
Coconut Water,K002,0.26,0.0,3.16,64.0,95.77,93.49,24.11,3.73,10.78,3.73,0.0,0.0,3.06,3.06,0.0,0.0,0.0,0.0
"Milk, whole, Buffalo",L001,3.68,0.0,8.39,449.0,80.68,4630.0,1919.0,200.0,1671.0,132.0,34.76,0.0,5.34,0.24,0.39,0.59,0.0,4.12
"Milk, whole, Cow",L002,3.26,0.0,4.94,305.0,86.64,2707.0,1214.0,138.0,1176.0,106.0,20.52,0.0,4.89,0.2,0.18,0.24,0.0,4.28
Panner,L003,18.86,0.0,12.41,1079.0,51.96,8851.0,4300.0,439.0,3914.0,206.0,233.0,0.0,11.57,0.5,1.11,0.84,0.0,9.12
Khoa,L004,16.34,0.0,16.53,1322.0,42.51,12936.0,5664.0,790.0,5266.0,525.0,265.0,0.0,16.14,0.8,1.57,0.91,0.0,12.86
"Egg, poultry, whole, raw",M001,13.28,0.0,0.0,564.0,76.51,2958.0,3481.0,1152.0,3090.0,1022.0,28.06,366.0,0.0,0.0,0.0,0.0,0.0,0.0
"Egg, poultry, white, raw",M002,10.84,0.0,0.0,187.0,86.68,0.0,0.0,0.0,0.0,0.0,0.0,0.0,0.0,0.0,0.0,0.0,0.0,0.0
"Egg, poultry, yolk, raw",M003,15.74,0.0,0.0,1242.0,53.57,8580.0,10068.0,3238.0,8919.0,2919.0,64.43,1076.0,0.0,0.0,0.0,0.0,0.0,0.0
"Egg, poultry, whole, boiled",M004,13.43,0.0,0.0,618.0,73.46,3464.0,3991.0,1294.0,3573.0,1169.0,29.4,365.0,0.0,0.0,0.0,0.0,0.0,0.0
"Egg, poultry, white, boiled",M005,12.37,0.0,0.0,220.0,83.54,0.0,0.0,0.0,0.0,0.0,0.0,0.0,0.0,0.0,0.0,0.0,0.0,0.0
"Egg, poultry, yolk, boiled",M006,16.13,0.0,0.0,1290.0,51.42,8819.0,10643.0,3333.0,9525.0,3009.0,63.64,1085.0,0.0,0.0,0.0,0.0,0.0,0.0
"Egg, poultry, omlet",M007,16.53,0.0,0.0,710.0,68.48,3179.0,4615.0,3168.0,4247.0,2679.0,34.36,316.0,0.0,0.0,0.0,0.0,0.0,0.0
"Egg, country hen, whole, raw",M008,13.14,0.0,0.0,704.0,72.96,3792.0,5061.0,1936.0,4765.0,1518.0,39.95,355.0,0.0,0.0,0.0,0.0,0.0,0.0
"Egg, country hen, whole, boiled",M009,14.43,0.0,0.0,767.0,70.43,4074.0,5747.0,1882.0,5433.0,1401.0,29.28,369.0,0.0,0.0,0.0,0.0,0.0,0.0
"Egg, country hen, omlet",M010,14.8,0.0,0.0,855.0,67.8,4886.0,6424.0,2317.0,6031.0,1773.0,47.72,318.0,0.0,0.0,0.0,0.0,0.0,0.0
"Egg, duck, whole, boiled",M011,13.8,0.0,0.0,738.0,71.61,3598.0,6098.0,1745.0,5623.0,1495.0,45.95,856.0,0.0,0.0,0.0,0.0,0.0,0.0
"Egg, duck, whole, raw",M012,14.6,0.0,0.0,760.0,70.53,3373.0,6063.0,1684.0,5638.0,1453.0,45.94,839.0,0.0,0.0,0.0,0.0,0.0,0.0
"Egg, duck, whole, omlet",M013,15.1,0.0,0.0,804.0,68.9,3871.0,6483.0,1886.0,5963.0,1579.0,61.43,815.0,0.0,0.0,0.0,0.0,0.0,0.0
"Egg, quial, whole, raw",M014,12.39,0.0,0.0,635.0,75.11,2788.0,4210.0,2399.0,3717.0,2112.0,42.84,833.0,0.0,0.0,0.0,0.0,0.0,0.0
"Egg, quial, whole, boiled",M015,13.03,0.0,0.0,647.0,74.41,2726.0,4391.0,2403.0,3919.0,2137.0,41.07,855.0,0.0,0.0,0.0,0.0,0.0,0.0
"Chicken, poultry, leg, skinless",N001,19.44,0.0,0.0,1605.0,67.61,1157.0,1560.0,661.0,1342.0,627.0,25.97,84.25,0.0,0.0,0.0,0.0,0.0,0.0
"Chicken, poultry, thigh, skinless",N002,18.18,0.0,0.0,836.0,67.58,1071.0,1461.0,520.0,1263.0,490.0,22.52,91.93,0.0,0.0,0.0,0.0,0.0,0.0
"Chicken, poultry, breast, skinless",N003,21.81,0.0,0.0,704.0,67.15,816.0,991.0,367.0,862.0,346.0,12.63,61.55,0.0,0.0,0.0,0.0,0.0,0.0
"Chicken, poultry, wing, skinless",N004,17.42,0.0,0.0,807.0,67.48,1241.0,1777.0,658.0,1524.0,623.0,27.64,54.52,0.0,0.0,0.0,0.0,0.0,0.0
"Poultry, chicken, liver",N005,21.57,0.0,0.0,518.0,73.2,1328.0,681.0,1013.0,681.0,680.0,140.0,268.0,0.0,0.0,0.0,0.0,0.0,0.0
"Poultry, chicken, gizzard",N006,18.22,0.0,0.0,386.0,78.05,772.0,716.0,464.0,604.0,342.0,0.0,57.24,0.0,0.0,0.0,0.0,0.0,0.0
"Country hen, leg, with skin",N007,17.01,0.0,0.0,723.0,70.02,534.0,681.0,400.0,616.0,273.0,11.45,87.95,0.0,0.0,0.0,0.0,0.0,0.0
"Country hen, thigh, with skin",N008,18.29,0.0,0.0,785.0,67.46,610.0,750.0,360.0,687.0,287.0,12.91,91.81,0.0,0.0,0.0,0.0,0.0,0.0
"Country hen, breast, with skin",N009,22.08,0.0,0.0,753.0,66.53,419.0,453.0,262.0,422.0,182.0,7.26,66.03,0.0,0.0,0.0,0.0,0.0,0.0
"Country hen, wing, with skin",N010,18.65,0.0,0.0,764.0,68.01,688.0,836.0,451.0,763.0,305.0,14.03,55.42,0.0,0.0,0.0,0.0,0.0,0.0
"Duck, meat, with skin",N011,19.07,0.0,0.0,547.0,73.49,345.0,2215.0,304.0,748.0,217.0,86.54,81.76,0.0,0.0,0.0,0.0,0.0,0.0
"Emu, meat, skinless",N012,22.65,0.0,0.0,556.0,71.65,200.0,242.0,144.0,221.0,90.0,7.97,72.69,0.0,0.0,0.0,0.0,0.0,0.0
"Guinea fowl, meat, with skin",N013,20.52,0.0,0.0,469.0,75.21,1138.0,928.0,995.0,879.0,816.0,30.49,87.48,0.0,0.0,0.0,0.0,0.0,0.0
"Pigeon, meat, with skin",N014,17.94,0.0,0.0,528.0,74.61,1828.0,2588.0,1282.0,2305.0,958.0,0.0,107.0,0.0,0.0,0.0,0.0,0.0,0.0
"Quail, meat, skinless",N015,20.92,0.0,0.0,576.0,71.58,2024.0,2789.0,810.0,2364.0,788.0,22.5,77.87,0.0,0.0,0.0,0.0,0.0,0.0
"Turkey, leg, with skin",N016,20.3,0.0,0.0,647.0,69.24,980.0,938.0,1058.0,938.0,908.0,150.0,83.44,0.0,0.0,0.0,0.0,0.0,0.0
"Turkey, thigh, with skin",N017,20.46,0.0,0.0,581.0,72.17,1015.0,927.0,1035.0,927.0,904.0,131.0,85.35,0.0,0.0,0.0,0.0,0.0,0.0
"Turkey, breast, with skin",N018,21.96,0.0,0.0,671.0,68.44,934.0,884.0,1055.0,884.0,886.0,170.0,81.28,0.0,0.0,0.0,0.0,0.0,0.0
"Turkey, wing, with skin",N019,21.91,0.0,0.0,771.0,66.16,897.0,826.0,913.0,826.0,787.0,126.0,80.01,0.0,0.0,0.0,0.0,0.0,0.0
"Goat, shoulder, meat",O001,20.33,0.0,0.0,787.0,66.39,5444.0,4902.0,643.0,4563.0,432.0,33.28,82.18,0.0,0.0,0.0,0.0,0.0,0.0
"Goat, chops",O002,20.39,0.0,0.0,568.0,72.46,2877.0,2346.0,259.0,2193.0,184.0,16.12,88.37,0.0,0.0,0.0,0.0,0.0,0.0
"Goat, legs",O003,22.07,0.0,0.0,669.0,68.85,3665.0,3038.0,567.0,2805.0,374.0,21.85,82.52,0.0,0.0,0.0,0.0,0.0,0.0
"Goat, brain",O004,13.82,0.0,0.0,533.0,76.74,2138.0,1447.0,939.0,1304.0,43.2,80.48,1340.0,0.0,0.0,0.0,0.0,0.0,0.0
"Goat, tongue",O005,16.63,0.0,0.0,789.0,68.4,5028.0,4916.0,758.0,4498.0,504.0,67.38,206.0,0.0,0.0,0.0,0.0,0.0,0.0
"Goat, lungs",O006,16.86,0.0,0.0,401.0,79.03,1564.0,894.0,374.0,836.0,135.0,13.74,448.0,0.0,0.0,0.0,0.0,0.0,0.0
"Goat, heart",O007,19.38,0.0,0.0,492.0,75.15,1939.0,1025.0,427.0,953.0,292.0,9.52,122.0,0.0,0.0,0.0,0.0,0.0,0.0
"Goat, liver",O008,20.32,0.0,0.0,526.0,73.37,1770.0,921.0,924.0,879.0,368.0,56.53,415.0,0.0,0.0,0.0,0.0,0.0,0.0
"Goat, tripe",O009,15.36,0.0,0.0,386.0,80.94,1682.0,1154.0,246.0,1063.0,154.0,11.7,113.0,0.0,0.0,0.0,0.0,0.0,0.0
"Goat, spleen",O010,18.45,0.0,0.0,401.0,77.93,1200.0,616.0,352.0,575.0,143.0,10.56,243.0,0.0,0.0,0.0,0.0,0.0,0.0
"Goat, kidneys",O011,15.6,0.0,0.0,374.0,80.26,1143.0,566.0,480.0,523.0,236.0,10.37,419.0,0.0,0.0,0.0,0.0,0.0,0.0
"Goat, tube (small intestine)",O012,12.92,0.0,0.0,525.0,78.12,4445.0,2504.0,619.0,2339.0,340.0,33.46,176.0,0.0,0.0,0.0,0.0,0.0,0.0
"Goat, testis",O013,12.32,0.0,0.0,298.0,84.29,1215.0,590.0,382.0,552.0,88.56,9.27,118.0,0.0,0.0,0.0,0.0,0.0,0.0
"Sheep, shoulder",O014,18.24,0.0,0.0,840.0,66.51,6916.0,5096.0,1099.0,4598.0,717.0,141.0,74.72,0.0,0.0,0.0,0.0,0.0,0.0
"Sheep, chops",O015,18.0,0.0,0.0,496.0,75.66,2773.0,1916.0,309.0,1766.0,220.0,25.59,86.14,0.0,0.0,0.0,0.0,0.0,0.0
"Sheep, leg",O016,21.42,0.0,0.0,686.0,68.26,3745.0,2605.0,669.0,2377.0,472.0,33.55,84.84,0.0,0.0,0.0,0.0,0.0,0.0
"Sheep, brain",O017,13.05,0.0,0.0,492.0,78.36,2040.0,1183.0,866.0,1060.0,41.0,85.88,1336.0,0.0,0.0,0.0,0.0,0.0,0.0
"Sheep, tongue",O018,16.61,0.0,0.0,783.0,68.7,5576.0,5875.0,938.0,4999.0,397.0,471.0,210.0,0.0,0.0,0.0,0.0,0.0,0.0
"Sheep, lungs",O019,16.12,0.0,0.0,363.0,80.41,1138.0,767.0,301.0,730.0,124.0,8.92,431.0,0.0,0.0,0.0,0.0,0.0,0.0
"Sheep, heart",O020,18.19,0.0,0.0,445.0,77.06,1677.0,873.0,332.0,815.0,206.0,29.15,112.0,0.0,0.0,0.0,0.0,0.0,0.0
"Sheep, liver",O021,22.26,0.0,0.0,559.0,69.71,1822.0,772.0,1014.0,742.0,346.0,74.97,430.0,0.0,0.0,0.0,0.0,0.0,0.0
"Sheep, tripe",O022,16.76,0.0,0.0,435.0,78.81,1962.0,1534.0,210.0,1417.0,134.0,13.1,113.0,0.0,0.0,0.0,0.0,0.0,0.0
"Sheep, spleen",O023,16.02,0.0,0.0,384.0,79.66,1533.0,764.0,466.0,716.0,168.0,14.37,262.0,0.0,0.0,0.0,0.0,0.0,0.0
"Sheep, kidneys",O024,16.22,0.0,0.0,384.0,79.77,1127.0,588.0,463.0,540.0,222.0,8.25,299.0,0.0,0.0,0.0,0.0,0.0,0.0
"Beef, shoulder",O025,20.56,0.0,0.0,889.0,63.84,7046.0,6227.0,1008.0,5669.0,575.0,153.0,66.36,0.0,0.0,0.0,0.0,0.0,0.0
"Beef, chops",O026,19.82,0.0,0.0,585.0,72.4,3031.0,2680.0,437.0,2440.0,249.0,66.06,45.97,0.0,0.0,0.0,0.0,0.0,0.0
"Beef, round (leg)",O027,22.64,0.0,0.0,658.0,68.04,2998.0,3280.0,480.0,3026.0,201.0,67.9,55.81,0.0,0.0,0.0,0.0,0.0,0.0
"Beef, brain",O028,10.55,0.0,0.0,523.0,78.71,2490.0,1869.0,848.0,1653.0,39.04,56.26,1668.0,0.0,0.0,0.0,0.0,0.0,0.0
"Beef, tongue",O029,15.63,0.0,0.0,731.0,70.97,6287.0,4741.0,484.0,4302.0,341.0,56.1,141.0,0.0,0.0,0.0,0.0,0.0,0.0
"Beef, lungs",O030,15.66,0.0,0.0,351.0,80.83,1198.0,647.0,244.0,588.0,92.04,6.14,334.0,0.0,0.0,0.0,0.0,0.0,0.0
"Beef, heart",O031,17.68,0.0,0.0,433.0,77.77,1479.0,848.0,490.0,780.0,351.0,11.43,92.73,0.0,0.0,0.0,0.0,0.0,0.0
"Beef, liver",O032,20.73,0.0,0.0,499.0,74.15,1543.0,826.0,566.0,740.0,236.0,8.51,261.0,0.0,0.0,0.0,0.0,0.0,0.0
"Beef, tripe",O033,13.1,0.0,0.0,316.0,83.74,1371.0,833.0,95.26,767.0,49.93,9.64,82.66,0.0,0.0,0.0,0.0,0.0,0.0
"Beef, spleen",O034,17.42,0.0,0.0,378.0,79.03,1160.0,480.0,393.0,442.0,127.0,12.22,353.0,0.0,0.0,0.0,0.0,0.0,0.0
"Beef, kidneys",O035,17.09,0.0,0.0,439.0,77.59,1743.0,835.0,291.0,790.0,148.0,8.72,439.0,0.0,0.0,0.0,0.0,0.0,0.0
"Calf, shoulder",O036,20.98,0.0,0.0,633.0,70.49,3510.0,2647.0,689.0,2452.0,388.0,69.72,58.27,0.0,0.0,0.0,0.0,0.0,0.0
"Calf, chops",O037,22.47,0.0,0.0,524.0,72.66,1966.0,1034.0,449.0,966.0,311.0,32.78,62.05,0.0,0.0,0.0,0.0,0.0,0.0
"Calf, round (leg)",O038,21.1,0.0,0.0,615.0,71.13,2263.0,2433.0,497.0,2207.0,213.0,51.96,50.1,0.0,0.0,0.0,0.0,0.0,0.0
"Calf, brain",O039,9.84,0.0,0.0,448.0,81.19,2202.0,1460.0,603.0,1357.0,45.0,45.48,1345.0,0.0,0.0,0.0,0.0,0.0,0.0
"Calf, tongue",O040,17.78,0.0,0.0,737.0,69.44,5630.0,4406.0,737.0,4050.0,434.0,46.48,107.0,0.0,0.0,0.0,0.0,0.0,0.0
"Calf, heart",O041,18.84,0.0,0.0,459.0,73.44,1489.0,696.0,773.0,656.0,563.0,11.84,130.0,0.0,0.0,0.0,0.0,0.0,0.0
"Calf, liver",O042,21.02,0.0,0.0,503.0,73.66,1616.0,670.0,643.0,618.0,271.0,14.64,306.0,0.0,0.0,0.0,0.0,0.0,0.0
"Calf, spleen",O043,17.71,0.0,0.0,379.0,78.65,1030.0,513.0,397.0,474.0,118.0,9.7,360.0,0.0,0.0,0.0,0.0,0.0,0.0
"Calf, kidneys",O044,15.16,0.0,0.0,387.0,80.23,1464.0,660.0,491.0,613.0,243.0,8.65,271.0,0.0,0.0,0.0,0.0,0.0,0.0
"Mithun, shoulder",O045,19.05,0.0,0.0,736.0,68.86,4436.0,2157.0,3613.0,2049.0,2339.0,385.0,45.07,0.0,0.0,0.0,0.0,0.0,0.0
"Mithun, chops",O046,18.19,0.0,0.0,536.0,73.81,2736.0,1276.0,1596.0,1206.0,1095.0,160.0,46.99,0.0,0.0,0.0,0.0,0.0,0.0
"Mithun, round (leg)",O047,19.61,0.0,0.0,485.0,72.25,1442.0,1918.0,1700.0,1870.0,1056.0,186.0,44.01,0.0,0.0,0.0,0.0,0.0,0.0
"Pork, shoulder",O048,17.41,0.0,0.0,993.0,62.92,6887.0,8114.0,2129.0,7696.0,1839.0,170.0,44.38,0.0,0.0,0.0,0.0,0.0,0.0
"Pork, chops",O049,19.41,0.0,0.0,748.0,68.4,4803.0,4972.0,660.0,4731.0,521.0,112.0,46.98,0.0,0.0,0.0,0.0,0.0,0.0
"Pork, ham",O050,18.83,0.0,0.0,1006.0,61.94,6938.0,8065.0,1875.0,7600.0,1598.0,163.0,47.08,0.0,0.0,0.0,0.0,0.0,0.0
"Pork, lungs",O051,15.13,0.0,0.0,358.0,81.12,1247.0,867.0,469.0,834.0,326.0,21.91,232.0,0.0,0.0,0.0,0.0,0.0,0.0
"Pork, heart",O052,16.31,0.0,0.0,457.0,77.74,1575.0,1247.0,1019.0,1201.0,725.0,38.38,134.0,0.0,0.0,0.0,0.0,0.0,0.0
"Pork, liver",O053,19.89,0.0,0.0,484.0,74.88,1325.0,700.0,896.0,678.0,494.0,26.57,216.0,0.0,0.0,0.0,0.0,0.0,0.0
"Pork, stomach",O054,15.36,0.0,0.0,550.0,76.51,3327.0,2690.0,1090.0,2563.0,841.0,94.61,187.0,0.0,0.0,0.0,0.0,0.0,0.0
"Pork, spleen",O055,15.13,0.0,0.0,357.0,80.93,1245.0,820.0,397.0,785.0,237.0,23.79,201.0,0.0,0.0,0.0,0.0,0.0,0.0
"Pork, kidneys",O056,14.35,0.0,0.0,379.0,80.92,1169.0,846.0,714.0,817.0,474.0,26.28,267.0,0.0,0.0,0.0,0.0,0.0,0.0
"Pork, tube (small intestine)",O057,14.96,0.0,0.0,587.0,75.42,4109.0,3174.0,892.0,2984.0,638.0,85.9,180.0,0.0,0.0,0.0,0.0,0.0,0.0
"Hare, shoulder",O058,21.13,0.0,0.0,603.0,71.06,2698.0,1606.0,1720.0,1366.0,1261.0,267.0,79.93,0.0,0.0,0.0,0.0,0.0,0.0
"Hare, chops",O059,20.62,0.0,0.0,445.0,75.47,1028.0,613.0,690.0,523.0,496.0,105.0,77.7,0.0,0.0,0.0,0.0,0.0,0.0
"Hare, leg",O060,20.52,0.0,0.0,503.0,73.0,910.0,514.0,555.0,439.0,407.0,57.78,78.81,0.0,0.0,0.0,0.0,0.0,0.0
"Rabbit, shoulder",O061,20.01,0.0,0.0,635.0,70.75,3142.0,2332.0,1813.0,1828.0,1242.0,365.0,82.56,0.0,0.0,0.0,0.0,0.0,0.0
"Rabbit, chops",O062,22.61,0.0,0.0,565.0,71.03,1907.0,1480.0,1083.0,1170.0,737.0,252.0,79.17,0.0,0.0,0.0,0.0,0.0,0.0
"Rabbit, leg",O063,21.31,0.0,0.0,584.0,70.33,1575.0,1203.0,877.0,935.0,609.0,184.0,76.7,0.0,0.0,0.0,0.0,0.0,0.0
Allathi,P001,21.77,0.0,0.0,406.0,75.91,346.0,165.0,261.0,108.0,9.62,0.0,13.98,0.0,0.0,0.0,0.0,0.0,0.0
Aluva,P002,21.63,0.0,0.0,434.0,75.71,755.0,288.0,490.0,199.0,19.37,0.0,21.97,0.0,0.0,0.0,0.0,0.0,0.0
Anchovy,P003,19.88,0.0,0.0,367.0,77.77,248.0,50.36,290.0,28.58,7.13,0.0,29.56,0.0,0.0,0.0,0.0,0.0,0.0
Ari fish,P004,22.01,0.0,0.0,415.0,77.09,408.0,166.0,319.0,126.0,21.32,0.0,15.99,0.0,0.0,0.0,0.0,0.0,0.0
Betki,P005,15.28,0.0,0.0,284.0,82.52,86.4,53.27,57.36,36.98,9.67,0.0,18.99,0.0,0.0,0.0,0.0,0.0,0.0
Black snapper,P006,19.5,0.0,0.0,377.0,78.09,470.0,251.0,293.0,163.0,22.35,0.0,30.45,0.0,0.0,0.0,0.0,0.0,0.0
Bombay duck,P007,13.53,0.0,0.0,287.0,83.24,398.0,171.0,252.0,102.0,10.25,0.0,46.43,0.0,0.0,0.0,0.0,0.0,0.0
Bommuralu,P008,22.3,0.0,0.0,485.0,76.42,1238.0,701.0,594.0,407.0,35.74,0.0,44.68,0.0,0.0,0.0,0.0,0.0,0.0
Cat fish,P009,22.18,0.0,0.0,456.0,76.22,792.0,430.0,619.0,327.0,22.11,0.0,18.36,0.0,0.0,0.0,0.0,0.0,0.0
Chakla,P010,20.21,0.0,0.0,406.0,78.36,654.0,352.0,422.0,249.0,23.29,0.0,30.39,0.0,0.0,0.0,0.0,0.0,0.0
Chappal,P011,17.17,0.0,0.0,317.0,80.61,199.0,74.51,208.0,67.2,17.09,0.0,10.84,0.0,0.0,0.0,0.0,0.0,0.0
Chelu,P012,20.02,0.0,0.0,366.0,76.36,229.0,104.0,179.0,81.83,10.42,0.0,22.64,0.0,0.0,0.0,0.0,0.0,0.0
Chembali,P013,20.06,0.0,0.0,406.0,77.54,700.0,369.0,440.0,254.0,13.59,0.0,10.86,0.0,0.0,0.0,0.0,0.0,0.0
Eri meen,P014,22.3,0.0,0.0,454.0,76.54,739.0,340.0,666.0,235.0,33.47,0.0,13.17,0.0,0.0,0.0,0.0,0.0,0.0
Gobro,P015,19.37,0.0,0.0,362.0,78.84,289.0,138.0,251.0,92.53,14.46,0.0,21.38,0.0,0.0,0.0,0.0,0.0,0.0
Guitar fish,P016,22.56,0.0,0.0,400.0,75.73,114.0,36.87,143.0,32.65,7.11,0.0,10.48,0.0,0.0,0.0,0.0,0.0,0.0
Hilsa,P017,21.8,0.0,0.0,1083.0,60.09,9286.0,6021.0,1801.0,3695.0,136.0,0.0,82.42,0.0,0.0,0.0,0.0,0.0,0.0
Jallal,P018,21.55,0.0,0.0,420.0,77.5,519.0,311.0,389.0,217.0,20.97,0.0,19.26,0.0,0.0,0.0,0.0,0.0,0.0
Jathi vela meen,P019,22.45,0.0,0.0,453.0,75.66,837.0,519.0,294.0,415.0,17.71,0.0,19.98,0.0,0.0,0.0,0.0,0.0,0.0
Kadal bral,P020,18.72,0.0,0.0,368.0,79.66,478.0,192.0,436.0,102.0,14.47,0.0,26.09,0.0,0.0,0.0,0.0,0.0,0.0
Kadali,P021,22.07,0.0,0.0,530.0,73.74,1611.0,818.0,1342.0,602.0,71.26,0.0,19.88,0.0,0.0,0.0,0.0,0.0,0.0
Kalamaara,P022,20.89,0.0,0.0,523.0,75.5,2107.0,1079.0,907.0,604.0,62.64,0.0,28.79,0.0,0.0,0.0,0.0,0.0,0.0
Kalava,P023,19.38,0.0,0.0,374.0,80.02,455.0,250.0,275.0,182.0,11.88,3.5,20.59,0.0,0.0,0.0,0.0,0.0,0.0
Kanamayya,P024,20.19,0.0,0.0,367.0,77.59,209.0,113.0,168.0,75.04,6.06,0.0,22.07,0.0,0.0,0.0,0.0,0.0,0.0
Kannadi paarai,P025,22.09,0.0,0.0,423.0,76.25,479.0,234.0,329.0,175.0,7.57,0.0,18.56,0.0,0.0,0.0,0.0,0.0,0.0
Karimeen,P026,19.68,0.0,0.0,386.0,78.66,577.0,290.0,274.0,207.0,52.96,0.0,15.62,0.0,0.0,0.0,0.0,0.0,0.0
Karnagawala,P027,19.52,0.0,0.0,363.0,79.22,255.0,85.26,301.0,61.06,8.7,0.0,35.4,0.0,0.0,0.0,0.0,0.0,0.0
Kayrai,P028,20.15,0.0,0.0,454.0,72.69,1096.0,583.0,980.0,401.0,41.99,0.0,29.85,0.0,0.0,0.0,0.0,0.0,0.0
Kiriyan,P029,22.49,0.0,0.0,556.0,72.39,2102.0,1068.0,1069.0,747.0,52.33,0.0,11.15,0.0,0.0,0.0,0.0,0.0,0.0
Kite fish,P030,23.07,0.0,0.0,413.0,77.61,169.0,67.62,143.0,55.16,10.33,0.0,15.01,0.0,0.0,0.0,0.0,0.0,0.0
Korka,P031,23.72,0.0,0.0,528.0,72.25,1407.0,687.0,898.0,428.0,41.31,0.0,107.0,0.0,0.0,0.0,0.0,0.0,0.0
Kulam paarai,P032,21.62,0.0,0.0,501.0,73.44,1430.0,678.0,1107.0,458.0,49.85,0.0,55.4,0.0,0.0,0.0,0.0,0.0,0.0
Maagaa,P033,20.11,0.0,0.0,366.0,79.23,201.0,96.12,146.0,61.92,9.83,0.0,7.24,0.0,0.0,0.0,0.0,0.0,0.0
Mackerel,P034,21.51,0.0,0.0,423.0,74.55,604.0,216.0,470.0,123.0,28.1,0.0,46.48,0.0,0.0,0.0,0.0,0.0,0.0
Manda clathi,P035,21.27,0.0,0.0,398.0,76.32,337.0,171.0,278.0,107.0,9.67,0.0,21.03,0.0,0.0,0.0,0.0,0.0,0.0
Matha,P036,21.17,0.0,0.0,389.0,79.81,297.0,106.0,188.0,67.56,8.97,0.0,20.55,0.0,0.0,0.0,0.0,0.0,0.0
Milk fish,P037,23.66,0.0,0.0,442.0,72.22,366.0,188.0,321.0,152.0,7.77,0.0,21.38,0.0,0.0,0.0,0.0,0.0,0.0
Moon fish,P038,20.74,0.0,0.0,526.0,74.21,2929.0,932.0,374.0,527.0,56.87,0.0,68.88,0.0,0.0,0.0,0.0,0.0,0.0
Mullet,P039,20.23,0.0,0.0,393.0,76.12,495.0,219.0,378.0,125.0,16.03,0.0,18.3,0.0,0.0,0.0,0.0,0.0,0.0
Mural,P040,19.04,0.0,0.0,345.0,78.96,349.0,80.76,354.0,42.48,5.88,0.0,17.43,0.0,0.0,0.0,0.0,0.0,0.0
Myil meen,P041,22.89,0.0,0.0,410.0,75.57,150.0,55.25,179.0,44.24,7.49,0.0,21.72,0.0,0.0,0.0,0.0,0.0,0.0
Nalla bontha,P042,19.82,0.0,0.0,364.0,79.32,238.0,127.0,166.0,88.99,6.8,0.0,15.0,0.0,0.0,0.0,0.0,0.0,0.0
Narba,P043,21.95,0.0,0.0,432.0,76.37,603.0,259.0,487.0,199.0,18.28,0.0,16.06,0.0,0.0,0.0,0.0,0.0,0.0
Paarai,P044,21.58,0.0,0.0,435.0,75.77,720.0,276.0,578.0,190.0,22.66,0.0,23.29,0.0,0.0,0.0,0.0,0.0,0.0
Padayappa,P045,19.7,0.0,0.0,360.0,79.18,169.0,83.65,248.0,77.16,8.7,0.0,9.65,0.0,0.0,0.0,0.0,0.0,0.0
Pali kora,P046,19.25,0.0,0.0,394.0,78.63,761.0,352.0,431.0,163.0,20.89,0.0,33.18,0.0,0.0,0.0,0.0,0.0,0.0
Pambada,P047,21.95,0.0,0.0,537.0,74.67,1959.0,857.0,1185.0,564.0,56.78,0.0,54.63,0.0,0.0,0.0,0.0,0.0,0.0
Pandukopa,P048,19.73,0.0,0.0,360.0,77.46,195.0,89.63,182.0,69.08,6.3,0.0,26.43,0.0,0.0,0.0,0.0,0.0,0.0
Parava,P049,21.5,0.0,0.0,467.0,77.19,1184.0,621.0,610.0,464.0,17.88,0.0,26.2,0.0,0.0,0.0,0.0,0.0,0.0
Parcus,P050,19.87,0.0,0.0,361.0,79.01,166.0,70.55,197.0,58.44,9.57,0.0,10.03,0.0,0.0,0.0,0.0,0.0,0.0
Parrot fish,P051,20.82,0.0,0.0,375.0,76.84,174.0,135.0,78.0,113.0,2.79,0.0,9.95,0.0,0.0,0.0,0.0,0.0,0.0
Perinkilichai,P052,20.89,0.0,0.0,387.0,78.33,290.0,101.0,278.0,79.22,9.75,0.0,17.24,0.0,0.0,0.0,0.0,0.0,0.0
Phopat,P053,22.05,0.0,0.0,424.0,76.42,441.0,198.0,456.0,143.0,14.55,0.0,13.53,0.0,0.0,0.0,0.0,0.0,0.0
Piranha,P054,20.46,0.0,0.0,549.0,76.15,1973.0,2357.0,589.0,1941.0,475.0,12.81,97.5,0.0,0.0,0.0,0.0,0.0,0.0
"Pomfret, black",P055,18.91,0.0,0.0,515.0,74.43,2229.0,972.0,1161.0,716.0,51.5,0.0,48.16,0.0,0.0,0.0,0.0,0.0,0.0
"Pomfret, snub nose",P056,21.05,0.0,0.0,375.0,77.81,145.0,72.77,128.0,59.76,4.81,0.0,7.48,0.0,0.0,0.0,0.0,0.0,0.0
"Pomfret, white",P057,19.02,0.0,0.0,513.0,75.91,2669.0,1049.0,919.0,98.93,14.07,0.0,41.56,0.0,0.0,0.0,0.0,0.0,0.0
Pranel,P058,19.69,0.0,0.0,405.0,79.54,827.0,374.0,419.0,254.0,17.8,0.0,29.01,0.0,0.0,0.0,0.0,0.0,0.0
Pulli paarai,P059,20.06,0.0,0.0,399.0,75.99,593.0,208.0,505.0,149.0,15.81,0.0,47.79,0.0,0.0,0.0,0.0,0.0,0.0
Queen fish,P060,20.97,0.0,0.0,400.0,76.63,693.0,332.0,536.0,221.0,20.4,0.0,21.93,0.0,0.0,0.0,0.0,0.0,0.0
Raai fish,P061,21.61,0.0,0.0,430.0,77.14,654.0,311.0,465.0,205.0,18.79,0.0,24.95,0.0,0.0,0.0,0.0,0.0,0.0
Raai vanthu,P062,19.39,0.0,0.0,410.0,79.95,864.0,423.0,596.0,268.0,24.1,0.0,21.98,0.0,0.0,0.0,0.0,0.0,0.0
Rani,P063,18.83,0.0,0.0,377.0,78.55,2926.0,1878.0,1112.0,1408.0,58.64,0.0,69.04,0.0,0.0,0.0,0.0,0.0,0.0
"Ray fish, bow head, spotted",P064,19.03,0.0,0.0,349.0,80.3,187.0,98.7,222.0,90.15,21.44,0.0,13.91,0.0,0.0,0.0,0.0,0.0,0.0
Red snapper,P065,22.79,0.0,0.0,437.0,76.28,485.0,299.0,325.0,217.0,19.08,0.0,132.0,0.0,0.0,0.0,0.0,0.0,0.0
"Red snapper, small",P066,21.5,0.0,0.0,451.0,76.31,861.0,407.0,734.0,278.0,35.43,0.0,38.42,0.0,0.0,0.0,0.0,0.0,0.0
Sadaya,P067,20.68,0.0,0.0,462.0,75.53,1059.0,444.0,1128.0,377.0,35.21,0.0,61.97,0.0,0.0,0.0,0.0,0.0,0.0
Salmon,P068,20.97,0.0,0.0,721.0,67.84,4305.0,2453.0,2297.0,1682.0,119.0,0.0,61.27,0.0,0.0,0.0,0.0,0.0,0.0
Sangada,P069,20.26,0.0,0.0,443.0,78.51,1128.0,513.0,706.0,343.0,34.5,0.0,75.77,0.0,0.0,0.0,0.0,0.0,0.0
Sankata paarai,P070,21.87,0.0,0.0,434.0,74.88,3317.0,1876.0,1746.0,1295.0,80.54,0.0,64.34,0.0,0.0,0.0,0.0,0.0,0.0
Sardine,P071,17.91,0.0,0.0,637.0,72.29,1250.0,630.0,770.0,327.0,42.33,0.0,49.12,0.0,0.0,0.0,0.0,0.0,0.0
Shark,P072,21.6,0.0,0.0,398.0,72.82,275.0,126.0,230.0,83.76,6.05,0.0,24.4,0.0,0.0,0.0,0.0,0.0,0.0
"Shark, hammer head",P073,23.4,0.0,0.0,432.0,74.61,264.0,103.0,232.0,88.26,11.86,0.0,55.81,0.0,0.0,0.0,0.0,0.0,0.0
"Shark, spotted",P074,20.95,0.0,0.0,384.0,78.83,253.0,137.0,169.0,97.68,8.77,0.0,13.75,0.0,0.0,0.0,0.0,0.0,0.0
Shelavu,P075,22.46,0.0,0.0,446.0,74.6,677.0,369.0,431.0,219.0,11.86,0.0,30.5,0.0,0.0,0.0,0.0,0.0,0.0
Silan,P076,22.72,0.0,0.0,633.0,70.12,3615.0,3199.0,1140.0,3015.0,860.0,0.0,58.93,0.0,0.0,0.0,0.0,0.0,0.0
Silk fish,P077,20.65,0.0,0.0,408.0,77.61,497.0,281.0,506.0,185.0,32.87,0.0,10.71,0.0,0.0,0.0,0.0,0.0,0.0
Silver carp,P078,21.71,0.0,0.0,555.0,72.47,1826.0,1964.0,894.0,1283.0,194.0,0.0,68.54,0.0,0.0,0.0,0.0,0.0,0.0
Sole fish,P079,19.05,0.0,0.0,367.0,80.18,416.0,167.0,370.0,101.0,17.45,0.0,16.0,0.0,0.0,0.0,0.0,0.0,0.0
Stingray,P080,23.98,0.0,0.0,408.0,75.67,289.0,173.0,174.0,159.0,38.98,0.0,62.47,0.0,0.0,0.0,0.0,0.0,0.0
Tarlava,P081,21.72,0.0,0.0,414.0,76.76,504.0,207.0,265.0,124.0,11.98,0.0,18.94,0.0,0.0,0.0,0.0,0.0,0.0
Tholam,P082,20.78,0.0,0.0,432.0,76.2,856.0,510.0,481.0,367.0,22.18,0.0,59.73,0.0,0.0,0.0,0.0,0.0,0.0
Tilapia,P083,18.48,0.0,0.0,349.0,79.57,413.0,254.0,199.0,134.0,49.44,0.0,26.36,0.0,0.0,0.0,0.0,0.0,0.0
Tuna,P084,24.5,0.0,0.0,470.0,72.12,660.0,300.0,575.0,207.0,23.05,0.0,46.1,0.0,0.0,0.0,0.0,0.0,0.0
"Tuna, striped",P085,21.28,0.0,0.0,403.0,77.76,424.0,168.0,306.0,133.0,25.61,0.0,64.06,0.0,0.0,0.0,0.0,0.0,0.0
Valava,P086,21.8,0.0,0.0,410.0,77.25,403.0,107.0,336.0,73.6,16.91,0.0,15.6,0.0,0.0,0.0,0.0,0.0,0.0
Vanjaram,P087,22.28,0.0,0.0,570.0,72.3,2229.0,1078.0,1384.0,603.0,59.97,0.0,67.71,0.0,0.0,0.0,0.0,0.0,0.0
Vela meen,P088,22.16,0.0,0.0,537.0,71.82,1857.0,851.0,1199.0,685.0,16.4,0.0,35.85,0.0,0.0,0.0,0.0,0.0,0.0
Vora,P089,20.14,0.0,0.0,422.0,76.94,1207.0,467.0,647.0,278.0,23.58,0.0,19.34,0.0,0.0,0.0,0.0,0.0,0.0
Whale shark,P090,21.83,0.0,0.0,401.0,77.59,266.0,135.0,220.0,84.28,7.65,0.0,25.33,0.0,0.0,0.0,0.0,0.0,0.0
Xiphinis,P091,19.82,0.0,0.0,370.0,79.22,363.0,184.0,134.0,130.0,3.95,0.0,27.59,0.0,0.0,0.0,0.0,0.0,0.0
"Eggs, Cat fish",P092,24.68,0.0,0.0,600.0,69.34,1818.0,1125.0,1436.0,905.0,290.0,0.0,269.0,0.0,0.0,0.0,0.0,0.0,0.0
Crab,Q001,10.23,0.0,0.0,343.0,79.77,214.0,140.0,256.0,111.0,16.26,0.0,53.87,0.0,0.0,0.0,0.0,0.0,0.0
"Crab, sea",Q002,15.36,0.0,0.0,283.0,79.67,129.0,64.32,146.0,41.99,5.83,0.0,23.18,0.0,0.0,0.0,0.0,0.0,0.0
"Lobster, brown",Q003,15.96,0.0,0.0,292.0,81.48,106.0,72.73,118.0,49.96,19.92,0.0,32.64,0.0,0.0,0.0,0.0,0.0,0.0
"Lobster, king siz e",Q004,18.54,0.0,0.0,375.0,77.77,174.0,129.0,206.0,101.0,15.75,0.0,41.13,0.0,0.0,0.0,0.0,0.0,0.0
Mud crab,Q005,10.0,0.0,0.0,190.0,83.1,95.11,66.63,129.0,48.75,11.56,0.0,7.1,0.0,0.0,0.0,0.0,0.0,0.0
Oyster,Q006,9.51,0.0,0.0,252.0,82.5,1087.0,298.0,651.0,90.0,55.37,0.0,32.45,0.0,0.0,0.0,0.0,0.0,0.0
"Tiger prawns, brown",Q007,14.85,0.0,0.0,273.0,82.41,121.0,76.53,101.0,48.27,12.55,0.0,70.8,0.0,0.0,0.0,0.0,0.0,0.0
"Tiger Prawns, orange",Q008,14.25,0.0,0.0,270.0,81.48,177.0,88.3,204.0,58.66,20.99,0.0,19.47,0.0,0.0,0.0,0.0,0.0,0.0
"Clam, green shell",R001,12.14,0.0,0.0,243.0,80.07,285.0,92.24,263.0,18.53,19.74,0.0,43.74,0.0,0.0,0.0,0.0,0.0,0.0
"Clam, white shell, ribbed",R002,11.82,0.0,0.0,250.0,80.27,441.0,127.0,418.0,60.3,16.94,0.0,23.98,0.0,0.0,0.0,0.0,0.0,0.0
Octopus,R003,14.71,0.0,0.0,334.0,80.45,325.0,69.95,383.0,46.38,9.32,0.0,118.0,0.0,0.0,0.0,0.0,0.0,0.0
"Squid, black",R004,16.1,0.0,0.0,335.0,80.59,287.0,56.42,388.0,36.2,8.46,0.0,231.0,0.0,0.0,0.0,0.0,0.0,0.0
"Squid, hard shell",R005,16.82,0.0,0.0,320.0,80.52,227.0,61.67,303.0,37.9,3.25,0.0,60.32,0.0,0.0,0.0,0.0,0.0,0.0
"Squid, red",R006,16.25,0.0,0.0,329.0,80.85,448.0,83.36,545.0,61.11,17.81,0.0,126.0,0.0,0.0,0.0,0.0,0.0,0.0
"Squid, white, small",R007,17.41,0.0,0.0,353.0,79.38,304.0,62.57,441.0,37.64,8.22,0.0,324.0,0.0,0.0,0.0,0.0,0.0,0.0
Cat fish,S001,15.86,0.0,0.0,518.0,77.23,2182.0,2055.0,978.0,1428.0,458.0,0.0,84.01,0.0,0.0,0.0,0.0,0.0,0.0
Catla,S002,17.94,0.0,0.0,394.0,78.43,1670.0,1237.0,815.0,910.0,214.0,0.0,64.42,0.0,0.0,0.0,0.0,0.0,0.0
Freshwater Eel,S003,20.41,0.0,0.0,451.0,75.57,981.0,733.0,600.0,493.0,190.0,0.0,58.64,0.0,0.0,0.0,0.0,0.0,0.0
Gold fish,S004,16.91,0.0,0.0,396.0,79.07,1077.0,625.0,0.85,715.0,302.0,0.0,0.0,0.0,0.0,0.0,0.0,0.0,0.0
Pangas,S005,17.12,0.0,0.0,852.0,68.5,863.0,714.0,510.0,510.0,221.0,0.0,66.89,0.0,0.0,0.0,0.0,0.0,0.0
Rohu,S006,19.71,0.0,0.0,428.0,76.34,2047.0,2618.0,747.0,2401.0,531.0,0.0,47.72,0.0,0.0,0.0,0.0,0.0,0.0
Crab,S007,13.23,0.0,0.0,327.0,80.58,214.0,140.0,256.0,111.0,16.26,0.0,52.91,0.0,0.0,0.0,0.0,0.0,0.0
"Prawns, big",S008,19.24,0.0,0.0,380.0,77.43,86.86,56.77,94.61,39.93,17.75,0.0,87.28,0.0,0.0,0.0,0.0,0.0,0.0
"Prawns, small",S009,13.07,0.0,0.0,297.0,82.58,197.0,152.0,166.0,130.0,41.37,0.0,112.0,0.0,0.0,0.0,0.0,0.0,0.0
Tiger prawns,S010,14.24,0.0,0.0,284.0,83.24,134.0,120.0,136.0,95.76,29.27,0.0,78.87,0.0,0.0,0.0,0.0,0.0,0.0
Coconut oil,T001,0.0,0.0,0.0,0.0,0.0,90.86,7.24,1.9,7.24,1.9,0.0,0.0,0.0,0.0,0.0,0.0,0.0,0.0
Corn oil,T002,0.0,0.0,0.0,0.0,0.0,16.6,33.67,49.74,31.97,48.97,0.76,0.0,0.0,0.0,0.0,0.0,0.0,0.0
Cotton seed oil,T003,0.0,0.0,0.0,0.0,0.0,28.17,19.66,52.16,17.82,51.81,0.35,0.0,0.0,0.0,0.0,0.0,0.0,0.0
Gingelly oil,T004,0.0,0.0,0.0,0.0,0.0,16.25,41.41,42.34,40.87,41.96,0.39,0.0,0.0,0.0,0.0,0.0,0.0,0.0
Groundnut oil,T005,0.0,0.0,0.0,0.0,0.0,18.94,53.89,27.17,53.89,27.17,0.0,0.0,0.0,0.0,0.0,0.0,0.0,0.0
Mustard oil,T006,0.0,0.0,0.0,0.0,0.0,5.72,67.09,27.19,10.18,15.55,11.64,0.0,0.0,0.0,0.0,0.0,0.0,0.0
Palm oil,T007,0.0,0.0,0.0,0.0,0.0,44.98,43.53,11.49,43.26,11.18,0.3,0.0,0.0,0.0,0.0,0.0,0.0,0.0
Rice bran oil,T008,0.0,0.0,0.0,0.0,0.0,23.76,44.12,32.12,43.84,31.56,0.56,0.0,0.0,0.0,0.0,0.0,0.0,0.0
Safflower oil,T009,0.0,0.0,0.0,0.0,0.0,9.19,14.04,76.78,13.8,76.58,0.13,0.0,0.0,0.0,0.0,0.0,0.0,0.0
Safflower oil (blended),T010,0.0,0.0,0.0,0.0,0.0,19.53,37.61,42.86,37.37,42.09,0.78,0.0,0.0,0.0,0.0,0.0,0.0,0.0
Soyabean oil,T011,0.0,0.0,0.0,0.0,0.0,15.96,24.06,59.98,24.06,54.78,5.2,0.0,0.0,0.0,0.0,0.0,0.0,0.0
Sunflower oil,T012,0.0,0.0,0.0,0.0,0.0,11.39,25.96,62.65,25.96,62.65,0.0,0.0,0.0,0.0,0.0,0.0,0.0,0.0
Ghee,T013,0.0,0.0,0.0,0.0,0.0,71.02,26.44,2.54,23.19,2.0,0.55,0.0,0.0,0.0,0.0,0.0,0.0,0.0
Vanaspati,T014,0.0,0.0,0.0,0.0,0.0,61.44,33.87,4.69,29.19,4.69,0.0,0.0,0.0,0.0,0.0,0.0,0.0,0.0
Salt,T015,0.0,0.0,0.0,0.0,0.0,0.0,0.0,0.0,0.0,0.0,0.0,0.0,0.0,0.0,0.0,0.0,0.0,0.0
Drinking Water,T016,0.0,0.0,0.0,0.0,100.0,0.0,0.0,0.0,0.0,0.0,0.0,0.0,0.0,0.0,0.0,0.0,0.0,0.0
Amchur Powder,T017,1.0,7.0,50.0,296.0,7.0,0.0,0.0,0.0,0.0,0.0,0.0,0.0,0.0,0.0,0.0,0.0,0.0,0.0
